SchemeCode,SchemeName,Category,Risk_Level,NAV,NAV_As_Of_Date,Valuation_Date
119516,Aditya Birla Sun Life International Equity Fund - Direct - IDCW,Equity - International,High,50.0241,2025-12-19,2025-12-20
119517,Aditya Birla Sun Life International Equity Fund - Growth - Direct Plan,Equity - International,High,49.9945,2025-12-19,2025-12-20
106873,Aditya Birla Sun Life International Equity Fund - Growth - Regular Plan,Equity - International,High,46.2851,2025-12-19,2025-12-20
106872,Aditya Birla Sun Life International Equity Fund - Regular - IDCW,Equity - International,High,21.1864,2025-12-19,2025-12-20
119519,Aditya Birla Sun Life International Equity Fund - Plan B - Direct - IDCW,Equity - International,High,23.1342,2023-07-28,2025-12-20
119518,Aditya Birla Sun Life International Equity Fund - Plan B - Growth - Direct Plan,Equity - International,High,30.2806,2023-07-28,2025-12-20
106876,Aditya Birla Sun Life International Equity Fund - Plan B - Growth - Regular Plan,Equity - International,High,28.8036,2023-07-28,2025-12-20
106875,Aditya Birla Sun Life International Equity Fund - Plan B - Regular - IDCW,Equity - International,High,19.8371,2023-07-28,2025-12-20
132175,Aditya Birla Sun Life Aggressive Hybrid Omni FOF-  Regular -  IDCW,ETF / FoF,High,39.0244,2025-12-19,2025-12-20
132189,Aditya Birla Sun Life Aggressive Hybrid Omni FOF- Direct - IDCW,ETF / FoF,High,42.3585,2025-12-19,2025-12-20
132185,Aditya Birla Sun Life Aggressive Hybrid Omni FOF- Direct Plan - Growth Option,ETF / FoF,High,46.6376,2025-12-19,2025-12-20
132174,Aditya Birla Sun Life Aggressive Hybrid Omni FOF- Regular Plan - Growth Option,ETF / FoF,High,43.5088,2025-12-19,2025-12-20
132179,Aditya Birla Sun Life Conservative Hybrid Active FOF -Regular - IDCW,ETF / FoF,High,31.6262,2025-12-19,2025-12-20
132183,Aditya Birla Sun Life Conservative Hybrid Active FOF- Direct Plan - Growth Option,ETF / FoF,High,37.0209,2025-12-19,2025-12-20
132178,Aditya Birla Sun Life Conservative Hybrid Active FOF- Regular Plan - Growth Option,ETF / FoF,High,34.7621,2025-12-19,2025-12-20
132184,Aditya Birla Sun Life Conservative Hybrid Active FOF-Direct - IDCW,ETF / FoF,High,25.1364,2025-12-19,2025-12-20
132187,Aditya Birla Sun Life Dynamic Asset Allocation Omni FOF- Direct - IDCW,ETF / FoF,High,55.5384,2025-12-19,2025-12-20
132186,Aditya Birla Sun Life Dynamic Asset Allocation Omni FOF- Direct Plan - Growth Option,ETF / FoF,High,60.6436,2025-12-19,2025-12-20
132180,Aditya Birla Sun Life Dynamic Asset Allocation Omni FOF- Regular Plan - Growth Option,ETF / FoF,High,55.0175,2025-12-19,2025-12-20
132181,Aditya Birla Sun Life Dynamic Asset Allocation Omni FOF-Regular - IDCW,ETF / FoF,High,50.3605,2025-12-19,2025-12-20
120546,Aditya Birla Sun Life Gold Fund - Growth - Direct Plan,Commodity - Gold,High,40.0313,2025-12-19,2025-12-20
120545,Aditya Birla Sun Life Gold Fund-DIRECT - IDCW,Commodity - Gold,High,40.0302,2025-12-19,2025-12-20
116796,Aditya Birla Sun Life Gold Fund-Growth,Commodity - Gold,High,38.4616,2025-12-19,2025-12-20
116795,Aditya Birla Sun Life Gold Fund-REGULAR - IDCW,Commodity - Gold,High,38.4601,2025-12-19,2025-12-20
131897,Aditya Birla Sun Life Income Plus Arbitrage Active FOF- DIRECT - IDCW,ETF / FoF,High,25.4341,2025-12-19,2025-12-20
131898,Aditya Birla Sun Life Income Plus Arbitrage Active FOF- Direct Plan - Growth Option,ETF / FoF,High,40.6181,2025-12-19,2025-12-20
131895,Aditya Birla Sun Life Income Plus Arbitrage Active FOF- REGULAR - IDCW,ETF / FoF,High,24.0804,2025-12-19,2025-12-20
131896,Aditya Birla Sun Life Income Plus Arbitrage Active FOF- Regular Plan - Growth Option,ETF / FoF,High,38.3977,2025-12-19,2025-12-20
131865,Aditya Birla Sun Life Multi Asset Omni FoF- Direct Plan - Growth Option,ETF / FoF,High,38.871,2025-12-19,2025-12-20
131864,Aditya Birla Sun Life Multi Asset Omni FoF- Regular Plan - Growth Option,ETF / FoF,High,73.3629,2025-12-19,2025-12-20
131866,Aditya Birla Sun Life Multi Asset Omni FOF-DIRECT - IDCW,ETF / FoF,High,37.0398,2025-12-19,2025-12-20
131863,Aditya Birla Sun Life Multi Asset Omni FoF-REGULAR - IDCW,ETF / FoF,High,67.5562,2025-12-19,2025-12-20
150688,Aditya Birla Sun Life Multi-Asset Passive FOF-Direct Growth,ETF / FoF,High,17.2607,2025-12-19,2025-12-20
150689,Aditya Birla Sun Life Multi-Asset Passive FOF-Direct IDCW,ETF / FoF,High,17.2615,2025-12-19,2025-12-20
150690,Aditya Birla Sun Life Multi-Asset Passive FOF-Regular Growth,ETF / FoF,High,17.0723,2025-12-19,2025-12-20
150691,Aditya Birla Sun Life Multi-Asset Passive FOF-Regular IDCW,ETF / FoF,High,17.0724,2025-12-19,2025-12-20
149780,Aditya Birla Sun Life Silver ETF FOF-Direct Growth,Commodity - Silver,High,31.4748,2025-12-19,2025-12-20
149781,Aditya Birla Sun Life Silver ETF FOF-Direct IDCW,Commodity - Silver,High,31.4673,2025-12-19,2025-12-20
149783,Aditya Birla Sun Life Silver ETF FOF-Regular Growth,Commodity - Silver,High,30.9107,2025-12-19,2025-12-20
149784,Aditya Birla Sun Life Silver ETF FOF-Regular IDCW,Commodity - Silver,High,30.9047,2025-12-19,2025-12-20
153828,ANGEL ONE GOLD ETF FOF - REGULAR GROWTH,Commodity - Gold,High,12.0176,2025-12-19,2025-12-20
153827,ANGEL ONE GOLD ETF FOF- DIRECT GROWTH,Commodity - Gold,High,12.0342,2025-12-19,2025-12-20
120473,Axis Gold Fund - Direct Plan - Growth option,Commodity - Gold,High,41.8791,2025-12-19,2025-12-20
120472,Axis Gold Fund - Direct Plan - IDCW,Commodity - Gold,High,41.9184,2025-12-19,2025-12-20
115897,Axis Gold Fund - Regular Plan - Growth Option,Commodity - Gold,High,38.4632,2025-12-19,2025-12-20
115898,Axis Gold Fund - Regular Plan - IDCW,Commodity - Gold,High,38.5118,2025-12-19,2025-12-20
147895,Axis Income Plus Arbitrage Active FOF - Direct Plan - Annual IDCW,ETF / FoF,High,13.9065,2025-12-19,2025-12-20
147889,Axis Income Plus Arbitrage Active FOF - Direct Plan - Growth Option,ETF / FoF,High,15.0813,2025-12-19,2025-12-20
147894,Axis Income Plus Arbitrage Active FOF - Direct Plan - Half Yearly Dividend Option,ETF / FoF,High,11.6414,2025-12-19,2025-12-20
147891,Axis Income Plus Arbitrage Active FOF - Direct Plan - IDCW,ETF / FoF,High,15.0939,2025-12-19,2025-12-20
147892,Axis Income Plus Arbitrage Active FOF - Direct Plan - Monthly IDCW,ETF / FoF,High,15.0938,2025-12-19,2025-12-20
147893,Axis Income Plus Arbitrage Active FOF - Direct Plan - Quarterly IDCW,ETF / FoF,High,12.1299,2025-12-19,2025-12-20
147898,Axis Income Plus Arbitrage Active FOF - Regular Plan - Annual IDCW,ETF / FoF,High,13.6604,2025-12-19,2025-12-20
147890,Axis Income Plus Arbitrage Active FOF - Regular Plan - Growth Option,ETF / FoF,High,14.8015,2025-12-19,2025-12-20
147897,Axis Income Plus Arbitrage Active FOF - Regular Plan - Half Yearly IDCW,ETF / FoF,High,12.1903,2025-12-19,2025-12-20
147888,Axis Income Plus Arbitrage Active FOF - Regular Plan - IDCW,ETF / FoF,High,14.8019,2025-12-19,2025-12-20
147896,Axis Income Plus Arbitrage Active FOF - Regular Plan - Monthly IDCW,ETF / FoF,High,14.8007,2025-12-19,2025-12-20
147905,Axis Income Plus Arbitrage Active FOF - Regular Plan - Quarterly IDCW,ETF / FoF,High,11.4436,2025-12-19,2025-12-20
153924,Axis Income Plus Arbitrage Passive FOF - Direct Plan - Growth Option,ETF / FoF,High,10.0522,2025-12-19,2025-12-20
153925,Axis Income Plus Arbitrage Passive FOF - Direct Plan - IDCW Option,ETF / FoF,High,10.0522,2025-12-19,2025-12-20
153927,Axis Income Plus Arbitrage Passive FOF - Regular Plan - Growth Option,ETF / FoF,High,10.0486,2025-12-19,2025-12-20
153926,Axis Income Plus Arbitrage Passive FOF - Regular Plan - IDCW Option,ETF / FoF,High,10.0486,2025-12-19,2025-12-20
149847,Axis Multi Factor Passive FoF - Direct Plan - Growth Option,ETF / FoF,High,15.7547,2025-12-19,2025-12-20
149846,Axis Multi Factor Passive FoF - Direct Plan - IDCW,ETF / FoF,High,15.7544,2025-12-19,2025-12-20
149844,Axis Multi Factor Passive FoF - Regular Plan - Growth Option,ETF / FoF,High,15.5841,2025-12-19,2025-12-20
149845,Axis Multi Factor Passive FoF - Regular Plan - IDCW,ETF / FoF,High,15.5841,2025-12-19,2025-12-20
153960,Axis Multi-Asset Active FoF - Direct Plan - Growth,ETF / FoF,High,10.0732,2025-12-18,2025-12-20
153961,Axis Multi-Asset Active FoF - Direct Plan - IDCW,ETF / FoF,High,10.0732,2025-12-18,2025-12-20
153963,Axis Multi-Asset Active FoF - Regular Plan - Growth,ETF / FoF,High,10.0709,2025-12-18,2025-12-20
153962,Axis Multi-Asset Active FoF - Regular Plan - IDCW,ETF / FoF,High,10.0709,2025-12-18,2025-12-20
149243,Axis Nifty AAA Bond Plus SDL Apr 2026 50:50 ETF FOF - Direct Plan - Growth Option,ETF / FoF,High,12.5793,2025-12-19,2025-12-20
149242,Axis Nifty AAA Bond Plus SDL Apr 2026 50:50 ETF FOF - Regular Plan - Growth Option,ETF / FoF,High,12.5116,2025-12-19,2025-12-20
149245,Axis Nifty AAA Bond Plus SDL Apr 2026 50:50 ETF FOF - Regular Plan - IDCW Option,ETF / FoF,High,12.5116,2025-12-19,2025-12-20
149244,Axis Nifty AAA Bond Plus SDL April 2026 50:50 ETF FOF - Direct Plan - IDCW Option,ETF / FoF,High,12.5793,2025-12-19,2025-12-20
150618,Axis Silver Fund of Fund - Regular Plan - IDCW Option,Commodity - Silver,High,33.9328,2025-12-19,2025-12-20
150617,Axis Silver Fund of Fund -Regular Plan- Growth Option,Commodity - Silver,High,33.9327,2025-12-19,2025-12-20
150616,Axis Silver Fund of Fund- Direct Plan - IDCW Option,Commodity - Silver,High,34.5014,2025-12-19,2025-12-20
150615,Axis Silver Fund of Fund- Direct Plan-Growth Option,Commodity - Silver,High,34.5015,2025-12-19,2025-12-20
118485,Bandhan Aggressive Hybrid Passive FOF - Direct Plan - Growth,ETF / FoF,High,50.8009,2025-12-19,2025-12-20
118484,Bandhan Aggressive Hybrid Passive FOF - Direct Plan - IDCW,ETF / FoF,High,34.9789,2025-12-19,2025-12-20
112332,Bandhan Aggressive Hybrid Passive FOF - Regular Plan - Growth,ETF / FoF,High,46.8534,2025-12-19,2025-12-20
112331,Bandhan Aggressive Hybrid Passive FOF - Regular Plan - IDCW,ETF / FoF,High,25.958,2025-12-19,2025-12-20
118486,Bandhan Conservative Hybrid Passive FOF - Direct Plan - Growth,ETF / FoF,High,36.8673,2025-12-19,2025-12-20
118487,Bandhan Conservative Hybrid Passive FOF - Direct Plan - IDCW,ETF / FoF,High,18.7385,2025-12-19,2025-12-20
112327,Bandhan Conservative Hybrid Passive FOF - Regular Plan - Growth,ETF / FoF,High,34.3138,2025-12-19,2025-12-20
112328,Bandhan Conservative Hybrid Passive FOF - Regular Plan - IDCW,ETF / FoF,High,17.7178,2025-12-19,2025-12-20
118408,Bandhan Income Plus Arbitrage Active FOF - Direct Plan - Annual IDCW,ETF / FoF,High,15.4269,2025-12-19,2025-12-20
118409,Bandhan Income Plus Arbitrage Active FOF - Direct Plan - Daily IDCW,ETF / FoF,High,12.4319,2025-12-19,2025-12-20
118414,Bandhan Income Plus Arbitrage Active FOF - Direct Plan - Fortnightly IDCW,ETF / FoF,High,12.378,2025-12-19,2025-12-20
118410,Bandhan Income Plus Arbitrage Active FOF - Direct Plan - Growth,ETF / FoF,High,47.1819,2025-12-19,2025-12-20
118411,Bandhan Income Plus Arbitrage Active FOF - Direct Plan - Half Yearly IDCW,ETF / FoF,High,15.751,2025-12-19,2025-12-20
131398,Bandhan Income Plus Arbitrage Active FOF - Direct Plan - Periodic IDCW,ETF / FoF,High,16.2172,2025-12-19,2025-12-20
118413,Bandhan Income Plus Arbitrage Active FOF - Direct Plan - Quarterly IDCW,ETF / FoF,High,12.9677,2025-12-19,2025-12-20
118412,Bandhan Income Plus Arbitrage Active FOF - Direct Plan - Weekly IDCW,ETF / FoF,High,12.4359,2025-12-19,2025-12-20
108547,Bandhan Income Plus Arbitrage Active FOF - Regular Plan - Annual IDCW,ETF / FoF,High,15.1121,2025-12-19,2025-12-20
117868,Bandhan Income Plus Arbitrage Active FOF - Regular Plan - Daily IDCW,ETF / FoF,High,12.3633,2025-12-19,2025-12-20
115874,Bandhan Income Plus Arbitrage Active FOF - Regular Plan - Fortnightly IDCW,ETF / FoF,High,12.1401,2025-12-19,2025-12-20
108545,Bandhan Income Plus Arbitrage Active FOF - Regular Plan - Growth,ETF / FoF,High,44.8204,2025-12-19,2025-12-20
108546,Bandhan Income Plus Arbitrage Active FOF - Regular Plan - Half Yearly IDCW,ETF / FoF,High,12.9967,2025-12-19,2025-12-20
131399,Bandhan Income Plus Arbitrage Active FOF - Regular Plan - Periodic IDCW,ETF / FoF,High,15.6737,2025-12-19,2025-12-20
108544,Bandhan Income Plus Arbitrage Active FOF - Regular Plan - Quarterly IDCW,ETF / FoF,High,12.8632,2025-12-19,2025-12-20
117867,Bandhan Income Plus Arbitrage Active FOF - Regular Plan - Weekly IDCW,ETF / FoF,High,12.3697,2025-12-19,2025-12-20
118489,Bandhan Multi-Asset Passive FOF - Direct Plan - Growth,ETF / FoF,High,44.4769,2025-12-19,2025-12-20
118488,Bandhan Multi-Asset Passive FOF - Direct Plan - IDCW,ETF / FoF,High,23.1275,2025-12-19,2025-12-20
112329,Bandhan Multi-Asset Passive FOF - Regular Plan - Growth,ETF / FoF,High,41.4374,2025-12-19,2025-12-20
112330,Bandhan Multi-Asset Passive FOF - Regular Plan - IDCW,ETF / FoF,High,21.9785,2025-12-19,2025-12-20
153795,Baroda BNP Paribas Gold ETF Fund of Funds Direct Growth,Commodity - Gold,High,13.3287,2025-12-19,2025-12-20
153794,Baroda BNP Paribas Gold ETF Fund of Funds Regular Growth,Commodity - Gold,High,13.3109,2025-12-19,2025-12-20
153536,Baroda BNP Paribas Income Plus Arbitrage Active FOF Direct Growth,ETF / FoF,High,10.3116,2025-12-19,2025-12-20
153540,Baroda BNP Paribas Income Plus Arbitrage Active FOF Direct IDCW Payout,ETF / FoF,High,10.3116,2025-12-19,2025-12-20
153541,Baroda BNP Paribas Income Plus Arbitrage Active FOF Regular Growth,ETF / FoF,High,10.2997,2025-12-19,2025-12-20
153538,Baroda BNP Paribas Income Plus Arbitrage Active FOF Regular IDCW Payout,ETF / FoF,High,10.2997,2025-12-19,2025-12-20
153552,Baroda BNP Paribas Multi Asset Active FOF Direct Growth,ETF / FoF,High,10.9504,2025-12-19,2025-12-20
153550,Baroda BNP Paribas Multi Asset Active FOF Direct IDCW Payout,ETF / FoF,High,10.9504,2025-12-19,2025-12-20
153548,Baroda BNP Paribas Multi Asset Active FOF Regular Growth,ETF / FoF,High,10.8963,2025-12-19,2025-12-20
153549,Baroda BNP Paribas Multi Asset Active FOF Regular ICDW Payout,ETF / FoF,High,10.8963,2025-12-19,2025-12-20
152183,DSP Gold ETF Fund of Fund - Direct - Growth,Commodity - Gold,High,20.9252,2025-12-19,2025-12-20
152184,DSP Gold ETF Fund of Fund - Direct - IDCW,Commodity - Gold,High,20.9252,2025-12-19,2025-12-20
152182,DSP Gold ETF Fund of Fund - Regular - Growth,Commodity - Gold,High,20.763,2025-12-19,2025-12-20
152181,DSP Gold ETF Fund of Fund - Regular - IDCW,Commodity - Gold,High,20.763,2025-12-19,2025-12-20
130493,DSP Income Plus Arbitrage Omni FoF - Direct Plan - Growth,ETF / FoF,High,23.0321,2025-12-19,2025-12-20
130491,DSP Income Plus Arbitrage Omni FoF - Direct Plan - IDCW,ETF / FoF,High,18.7527,2025-12-19,2025-12-20
130492,DSP Income Plus Arbitrage Omni FoF - Regular Plan - Growth,ETF / FoF,High,21.7294,2025-12-19,2025-12-20
130490,DSP Income Plus Arbitrage Omni FoF - Regular Plan - IDCW,ETF / FoF,High,16.9442,2025-12-19,2025-12-20
153487,DSP Silver ETF Fund of Fund - Direct - Growth,Commodity - Silver,High,21.073,2025-12-19,2025-12-20
153489,DSP Silver ETF Fund of Fund - Direct - IDCW,Commodity - Silver,High,21.073,2025-12-19,2025-12-20
153486,DSP Silver ETF Fund of Fund - Regular - Growth,Commodity - Silver,High,21.0166,2025-12-19,2025-12-20
153488,DSP Silver ETF Fund of Fund - Regular - IDCW,Commodity - Silver,High,21.0166,2025-12-19,2025-12-20
149401,BHARAT Bond ETF FOF - April 2032 Direct Growth,ETF / FoF,High,13.031,2025-12-19,2025-12-20
149402,BHARAT Bond ETF FOF - April 2032 Direct Plan Dividend,ETF / FoF,High,13.031,2025-12-19,2025-12-20
149400,BHARAT Bond ETF FOF - April 2032 Regular Plan Dividend,ETF / FoF,High,13.031,2025-12-19,2025-12-20
149399,BHARAT Bond ETF FOF - April 2032 Regular Plan Growth,ETF / FoF,High,13.031,2025-12-19,2025-12-20
150989,BHARAT Bond ETF FOF - April 2033 - Direct Plan - Growth,ETF / FoF,High,12.7081,2025-12-19,2025-12-20
150990,BHARAT Bond ETF FOF - April 2033 - Direct Plan - IDCW,ETF / FoF,High,12.7081,2025-12-19,2025-12-20
150991,BHARAT Bond ETF FOF - April 2033 - Regular Plan - Growth,ETF / FoF,High,12.7081,2025-12-19,2025-12-20
150988,BHARAT Bond ETF FOF - April 2033 - Regular Plan - IDCW,ETF / FoF,High,12.7081,2025-12-19,2025-12-20
147857,Bharat Bond FOF - April 2030 - Direct Plan - Growth Option,ETF / FoF,High,15.5107,2025-12-19,2025-12-20
147855,BHARAT Bond FOF - April 2030 - Direct Plan - IDCW Option,ETF / FoF,High,15.5107,2025-12-19,2025-12-20
147854,Bharat Bond FOF - April 2030 - Regular Plan - Growth Option,ETF / FoF,High,15.5107,2025-12-19,2025-12-20
147856,BHARAT Bond FOF - April 2030 - Regular Plan - IDCW Option,ETF / FoF,High,15.5107,2025-12-19,2025-12-20
148449,BHARAT Bond FOF - April 2025 - Direct Plan - IDCW Option,ETF / FoF,High,12.8931,2025-04-16,2025-12-20
148447,BHARAT Bond FOF - April 2025 - Regular Plan - IDCW Option,ETF / FoF,High,12.8931,2025-04-16,2025-12-20
148446,BHARAT Bond FOF- April 2025- Direct Pan- Growth Option,ETF / FoF,High,12.8931,2025-04-16,2025-12-20
148448,BHARAT Bond FOF- April 2025- Regular Plan- Growth Option,ETF / FoF,High,12.8931,2025-04-16,2025-12-20
148453,BHARAT Bond FOF - April 2031 - Direct Plan - IDCW Option,ETF / FoF,High,13.8747,2025-12-19,2025-12-20
148451,BHARAT Bond FOF - April 2031 - Regular Plan - IDCW Option,ETF / FoF,High,13.8747,2025-12-19,2025-12-20
148450,BHARAT Bond FOF- April 2031- Direct Plan- Growth Option,ETF / FoF,High,13.8747,2025-12-19,2025-12-20
148452,BHARAT Bond FOF- April 2031- Regular Plan- Growth Option,ETF / FoF,High,13.8747,2025-12-19,2025-12-20
150581,Edelweiss Gold and Silver ETF FOF - Direct Plan - Growth,Commodity - Silver,High,29.509,2025-12-19,2025-12-20
150578,Edelweiss Gold and Silver ETF FOF - Direct Plan - IDCW,Commodity - Silver,High,29.509,2025-12-19,2025-12-20
150579,Edelweiss Gold and Silver ETF FOF - Regular Plan - Growth,Commodity - Silver,High,29.122,2025-12-19,2025-12-20
150580,Edelweiss Gold and Silver ETF FOF - Regular Plan - IDCW,Commodity - Silver,High,29.122,2025-12-19,2025-12-20
153745,Groww BSE Power ETF FOF Direct Growth,ETF / FoF,High,9.7925,2025-12-19,2025-12-20
153746,Groww BSE Power ETF FOF Direct IDCW,ETF / FoF,High,9.7925,2025-12-19,2025-12-20
153748,Groww BSE Power ETF FOF Regular Growth,ETF / FoF,High,9.7759,2025-12-19,2025-12-20
153747,Groww BSE Power ETF FOF Regular IDCW,ETF / FoF,High,9.7759,2025-12-19,2025-12-20
152980,Groww Gold ETF FOF - DIRECT - GROWTH,Commodity - Gold,High,16.3447,2025-12-19,2025-12-20
153004,Groww Gold ETF FOF - DIRECT - IDCW,Commodity - Gold,High,16.3447,2025-12-19,2025-12-20
153006,Groww Gold ETF FOF - REGULAR - GROWTH,Commodity - Gold,High,16.2846,2025-12-19,2025-12-20
153005,Groww Gold ETF FOF - REGULAR - IDCW,Commodity - Gold,High,16.2861,2025-12-19,2025-12-20
153328,Groww Nifty 200 ETF FOF - Direct - Growth,ETF / FoF,High,12.0399,2025-12-19,2025-12-20
153343,Groww Nifty 200 ETF FOF - Direct - IDCW,ETF / FoF,High,12.0398,2025-12-19,2025-12-20
153342,Groww Nifty 200 ETF FOF - Regular - Growth,ETF / FoF,High,11.9864,2025-12-19,2025-12-20
153344,Groww Nifty 200 ETF FOF - Regular - IDCW,ETF / FoF,High,11.9864,2025-12-19,2025-12-20
153453,Groww Nifty 500 Momentum 50 ETF FOF - Direct Plan - Growth,ETF / FoF,High,10.5392,2025-12-19,2025-12-20
153454,Groww Nifty 500 Momentum 50 ETF FOF - Direct Plan - IDCW,ETF / FoF,High,10.5507,2025-12-19,2025-12-20
153455,Groww Nifty 500 Momentum 50 ETF FOF - Regular Plan - IDCW,ETF / FoF,High,10.508,2025-12-19,2025-12-20
153456,Groww Nifty 500 Momentum 50 ETF FOF - Regular Plan- Growth,ETF / FoF,High,10.508,2025-12-19,2025-12-20
153908,Groww Nifty Capital Markets ETF FOF Direct Growth,ETF / FoF,High,9.9273,2025-12-19,2025-12-20
153917,Groww Nifty Capital Markets ETF FOF Direct IDCW,ETF / FoF,High,9.9273,2025-12-19,2025-12-20
153918,Groww Nifty Capital Markets ETF FOF Regular Growth,ETF / FoF,High,9.925,2025-12-19,2025-12-20
153919,Groww Nifty Capital Markets ETF FOF Regular IDCW,ETF / FoF,High,9.925,2025-12-19,2025-12-20
152771,Groww Nifty EV & New Age Automotive ETF FOF - Direct Plan - IDCW,ETF / FoF,High,9.5668,2025-12-19,2025-12-20
152773,Groww Nifty EV & New Age Automotive ETF FOF - Regular Plan - Growth,ETF / FoF,High,9.5106,2025-12-19,2025-12-20
152772,Groww Nifty EV & New Age Automotive ETF FOF - Regular Plan - IDCW,ETF / FoF,High,9.5107,2025-12-19,2025-12-20
152770,Groww Nifty EV & New Age Automotive ETF FOF- Direct Plan - Growth,ETF / FoF,High,9.5664,2025-12-19,2025-12-20
152926,Groww Nifty India Defence ETF FOF - Direct - IDCW,ETF / FoF,High,11.1046,2025-12-19,2025-12-20
152925,Groww Nifty India Defence ETF FOF - Direct Growth,ETF / FoF,High,11.1044,2025-12-19,2025-12-20
152927,Groww Nifty India Defence ETF FOF - Regular - Growth,ETF / FoF,High,11.0508,2025-12-19,2025-12-20
152928,Groww Nifty India Defence ETF FOF - Regular - IDCW,ETF / FoF,High,11.0494,2025-12-19,2025-12-20
153626,Groww Nifty India Internet ETF FOF - Direct - Growth,ETF / FoF,High,10.5263,2025-12-19,2025-12-20
153632,Groww Nifty India Internet ETF FOF - Direct - IDCW,ETF / FoF,High,10.5263,2025-12-19,2025-12-20
153633,Groww Nifty India Internet ETF FOF - Regular - Growth,ETF / FoF,High,10.5038,2025-12-19,2025-12-20
153631,Groww Nifty India Internet ETF FOF - Regular - IDCW,ETF / FoF,High,10.5038,2025-12-19,2025-12-20
153525,Groww Silver ETF FOF - Direct - Growth,Commodity - Silver,High,19.4907,2025-12-19,2025-12-20
153526,Groww Silver ETF FOF - Direct - IDCW,Commodity - Silver,High,19.4948,2025-12-19,2025-12-20
153527,Groww Silver ETF FOF - Regular - Growth,Commodity - Silver,High,19.4431,2025-12-19,2025-12-20
153528,Groww Silver ETF FOF - Regular - IDCW,Commodity - Silver,High,19.4428,2025-12-19,2025-12-20
153860,HDFC Diversified Equity All Cap Active FOF - Direct Plan - Growth Plan,ETF / FoF,High,10.2573,2025-12-19,2025-12-20
153862,HDFC Diversified Equity All Cap Active FOF - IDCW - Direct Plan,ETF / FoF,High,10.2573,2025-12-19,2025-12-20
153863,HDFC Diversified Equity All Cap Active FOF - IDCW - Regular Plan,ETF / FoF,High,10.2326,2025-12-19,2025-12-20
153861,HDFC Diversified Equity All Cap Active FOF - Regular Plan - Growth Plan,ETF / FoF,High,10.2326,2025-12-19,2025-12-20
119132,HDFC Gold ETF Fund of Fund - Direct Plan,Commodity - Gold,High,41.4322,2025-12-19,2025-12-20
115934,HDFC Gold ETF Fund of Fund - Growth Option,Commodity - Gold,High,39.5202,2025-12-19,2025-12-20
130533,HDFC Income Plus Arbitrage Active FOF - Growth Option,ETF / FoF,High,39.8303,2025-12-19,2025-12-20
130543,HDFC Income Plus Arbitrage Active FOF - Growth Option - Direct Plan,ETF / FoF,High,43.977,2025-12-19,2025-12-20
130540,HDFC Income Plus Arbitrage Active FOF - IDCW Option,ETF / FoF,High,34.9026,2025-12-19,2025-12-20
130547,HDFC Income Plus Arbitrage Active FOF - IDCW Option - Direct Plan,ETF / FoF,High,38.6295,2025-12-19,2025-12-20
148901,HDFC Multi-Asset Active FOF - Growth Option,ETF / FoF,High,19.218,2025-12-19,2025-12-20
148903,HDFC Multi-Asset Active FOF - Growth Option -Direct Plan,ETF / FoF,High,20.279,2025-12-19,2025-12-20
148900,HDFC Multi-Asset Active FOF - IDCW Option,ETF / FoF,High,19.218,2025-12-19,2025-12-20
148902,HDFC Multi-Asset Active FOF - IDCW Option - Direct Plan,ETF / FoF,High,20.279,2025-12-19,2025-12-20
150736,HDFC Silver ETF Fund of Fund - Growth Option,Commodity - Silver,High,33.0448,2025-12-19,2025-12-20
150737,HDFC Silver ETF Fund of Fund - Growth Option - Direct Plan,Commodity - Silver,High,33.4262,2025-12-19,2025-12-20
129199,HSBC Aggressive Hybrid Active FOF - Dividend,ETF / FoF,High,31.2305,2025-12-19,2025-12-20
129201,HSBC Aggressive Hybrid Active FOF - Dividend Direct,ETF / FoF,High,33.3717,2025-12-19,2025-12-20
129065,HSBC Aggressive Hybrid Active FOF - Growth,ETF / FoF,High,40.6364,2025-12-19,2025-12-20
129200,HSBC Aggressive Hybrid Active FOF - Growth Direct,ETF / FoF,High,42.9487,2025-12-19,2025-12-20
129195,HSBC Income Plus Arbitrage Active FOF - Growth,ETF / FoF,High,21.925,2025-12-19,2025-12-20
129197,HSBC Income Plus Arbitrage Active FOF - Growth Direct,ETF / FoF,High,23.2798,2025-12-19,2025-12-20
129198,HSBC Income Plus Arbitrage Active FOF Direct Plan IDCW,ETF / FoF,High,18.8561,2025-12-19,2025-12-20
129196,HSBC Income Plus Arbitrage Active FOF IDCW,ETF / FoF,High,17.1809,2025-12-19,2025-12-20
129191,HSBC Multi Asset Active FOF - Growth,ETF / FoF,High,38.8301,2025-12-19,2025-12-20
129193,HSBC Multi Asset Active FOF - Growth Direct,ETF / FoF,High,41.507,2025-12-19,2025-12-20
129194,HSBC Multi Asset Active FOF Direct Plan IDCW,ETF / FoF,High,21.5856,2025-12-19,2025-12-20
129192,HSBC Multi Asset Active FOF IDCW,ETF / FoF,High,30.8471,2025-12-19,2025-12-20
143904,ICICI Prudential BHARAT 22 FOF - Cumulative Option,ETF / FoF,High,33.7372,2025-12-19,2025-12-20
143903,ICICI Prudential BHARAT 22 FOF - Direct Plan Cumulative Option,ETF / FoF,High,33.7492,2025-12-19,2025-12-20
149331,ICICI Prudential BSE 500 ETF FOF - Direct Plan - Growth,ETF / FoF,High,16.1942,2025-12-19,2025-12-20
149333,ICICI Prudential BSE 500 ETF FOF - Direct Plan - IDCW,ETF / FoF,High,16.1938,2025-12-19,2025-12-20
149334,ICICI Prudential BSE 500 ETF FOF - Growth,ETF / FoF,High,15.8846,2025-12-19,2025-12-20
149332,ICICI Prudential BSE 500 ETF FOF - IDCW,ETF / FoF,High,15.8845,2025-12-19,2025-12-20
120702,ICICI Prudential Diversified Debt Strategy Active FOF  - Direct Plan - Growth,ETF / FoF,High,48.0629,2025-12-19,2025-12-20
120703,ICICI Prudential Diversified Debt Strategy Active FOF - Direct Plan -  IDCW,ETF / FoF,High,42.3143,2025-12-19,2025-12-20
102141,ICICI Prudential Diversified Debt Strategy Active FOF - Growth,ETF / FoF,High,46.1422,2025-12-19,2025-12-20
102143,ICICI Prudential Diversified Debt Strategy Active FOF - IDCW,ETF / FoF,High,40.2478,2025-12-19,2025-12-20
148035,ICICI Prudential Diversified Equity All Cap Omni FOF - Direct Plan - Growth,ETF / FoF,High,33.1818,2025-12-19,2025-12-20
148036,ICICI Prudential Diversified Equity All Cap Omni FOF - Direct Plan - IDCW,ETF / FoF,High,25.8419,2025-12-19,2025-12-20
148033,ICICI Prudential Diversified Equity All Cap Omni FOF - Growth,ETF / FoF,High,31.8145,2025-12-19,2025-12-20
148034,ICICI Prudential Diversified Equity All Cap Omni FOF - IDCW,ETF / FoF,High,24.5982,2025-12-19,2025-12-20
120679,ICICI Prudential Dynamic Asset Allocation Active FOF - Direct Plan - Growth,ETF / FoF,High,137.9155,2025-12-19,2025-12-20
120680,ICICI Prudential Dynamic Asset Allocation Active FOF - Direct Plan - IDCW,ETF / FoF,High,108.1529,2025-12-19,2025-12-20
102137,ICICI Prudential Dynamic Asset Allocation Active FOF - Growth,ETF / FoF,High,124.2832,2025-12-19,2025-12-20
102138,ICICI Prudential Dynamic Asset Allocation Active FOF - IDCW,ETF / FoF,High,95.5108,2025-12-19,2025-12-20
147648,ICICI Prudential Global Advantage Fund (FOF) - Direct Plan - Growth Option,ETF / FoF,High,20.5977,2025-12-19,2025-12-20
147645,ICICI Prudential Global Advantage Fund (FOF) - Direct Plan - IDCW,ETF / FoF,High,20.5977,2025-12-19,2025-12-20
147647,ICICI Prudential Global Advantage Fund (FOF) - Growth Option,ETF / FoF,High,19.7467,2025-12-19,2025-12-20
147646,ICICI Prudential Global Advantage Fund (FOF) - IDCW,ETF / FoF,High,19.7461,2025-12-19,2025-12-20
120313,ICICI Prudential Income plus Arbitrage Omni FOF - Direct Plan - Growth,ETF / FoF,High,68.9341,2025-12-19,2025-12-20
120314,ICICI Prudential Income plus Arbitrage Omni FOF - Direct Plan - IDCW,ETF / FoF,High,53.3058,2025-12-19,2025-12-20
102139,ICICI Prudential Income Plus Arbitrage Omni FOF - Growth,ETF / FoF,High,64.1307,2025-12-19,2025-12-20
102140,ICICI Prudential Income plus Arbitrage Omni FOF - IDCW,ETF / FoF,High,49.21,2025-12-19,2025-12-20
120243,ICICI Prudential Multi Sector Passive FOF - Direct Plan -  IDCW,ETF / FoF,High,140.1397,2025-12-19,2025-12-20
120242,ICICI Prudential Multi Sector Passive FOF - Direct Plan - Growth,ETF / FoF,High,177.9668,2025-12-19,2025-12-20
102133,ICICI Prudential Multi Sector Passive FOF - Growth,ETF / FoF,High,169.9112,2025-12-19,2025-12-20
102134,ICICI Prudential Multi Sector Passive FOF - IDCW,ETF / FoF,High,132.3822,2025-12-19,2025-12-20
148822,ICICI Prudential Nifty 100 Low Volatility 30 ETF FOF - Direct Plan - Growth,ETF / FoF,High,19.2709,2025-12-19,2025-12-20
148823,ICICI Prudential Nifty 100 Low Volatility 30 ETF FOF - Direct Plan - IDCW,ETF / FoF,High,19.271,2025-12-19,2025-12-20
148821,ICICI Prudential Nifty 100 Low Volatility 30 ETF FOF - Growth,ETF / FoF,High,18.8791,2025-12-19,2025-12-20
148824,ICICI Prudential Nifty 100 Low Volatility 30 ETF FOF - IDCW,ETF / FoF,High,18.8791,2025-12-19,2025-12-20
149158,ICICI Prudential Nifty Alpha Low - Volatility 30 ETF FOF - Direct Plan - Growth,ETF / FoF,High,15.192,2025-12-19,2025-12-20
149160,ICICI Prudential Nifty Alpha Low - Volatility 30 ETF FOF - Direct Plan - IDCW,ETF / FoF,High,15.1915,2025-12-19,2025-12-20
149157,ICICI Prudential Nifty Alpha Low - Volatility 30 ETF FOF - Growth,ETF / FoF,High,14.8989,2025-12-19,2025-12-20
149159,ICICI Prudential Nifty Alpha Low - Volatility 30 ETF FOF - IDCW,ETF / FoF,High,14.8989,2025-12-19,2025-12-20
153394,ICICI Prudential Nifty EV & New Age Automotive ETF FOF - Direct Plan - Growth,ETF / FoF,High,11.8605,2025-12-19,2025-12-20
153395,ICICI Prudential Nifty EV & New Age Automotive ETF FOF - Direct Plan - IDCW,ETF / FoF,High,11.8605,2025-12-19,2025-12-20
153396,ICICI Prudential Nifty EV & New Age Automotive ETF FOF - Growth,ETF / FoF,High,11.8213,2025-12-19,2025-12-20
153393,ICICI Prudential Nifty EV & New Age Automotive ETF FOF - IDCW,ETF / FoF,High,11.8213,2025-12-19,2025-12-20
120685,ICICI Prudential Regular Gold Savings Fund (FOF) - Direct Plan -  Growth,Commodity - Gold,High,42.4116,2025-12-19,2025-12-20
120686,ICICI Prudential Regular Gold Savings Fund (FOF) - Direct Plan -  IDCW,Commodity - Gold,High,42.4155,2025-12-19,2025-12-20
115833,ICICI Prudential Regular Gold Savings Fund (FOF) - Growth,Commodity - Gold,High,40.9305,2025-12-19,2025-12-20
115834,ICICI Prudential Regular Gold Savings Fund (FOF) - IDCW,Commodity - Gold,High,40.9312,2025-12-19,2025-12-20
149775,ICICI PRUDENTIAL SILVER ETF FUND OF FUND - Direct Plan - Growth,Commodity - Silver,High,30.9743,2025-12-19,2025-12-20
149776,ICICI PRUDENTIAL SILVER ETF FUND OF FUND - Direct Plan - IDCW,Commodity - Silver,High,30.9746,2025-12-19,2025-12-20
149777,ICICI PRUDENTIAL SILVER ETF FUND OF FUND - Growth,Commodity - Silver,High,30.3846,2025-12-19,2025-12-20
149778,ICICI PRUDENTIAL SILVER ETF FUND OF FUND - IDCW,Commodity - Silver,High,30.3841,2025-12-19,2025-12-20
120700,ICICI Prudential Thematic Advantage Fund (FOF) - Direct Plan - Growth,ETF / FoF,High,248.4584,2025-12-19,2025-12-20
102135,ICICI Prudential Thematic Advantage Fund (FOF) - Growth,ETF / FoF,High,231.6119,2025-12-19,2025-12-20
102136,ICICI Prudential Thematic Advantage Fund (FOF) - IDCW,ETF / FoF,High,179.5428,2025-12-19,2025-12-20
120531,Invesco India Gold ETF Fund of Fund - Direct Plan - Growth,Commodity - Gold,High,38.5473,2025-12-19,2025-12-20
120530,Invesco India Gold ETF Fund of Fund - Direct Plan - IDCW (Payout / Reinvestment),Commodity - Gold,High,38.4882,2025-12-19,2025-12-20
116077,Invesco India Gold ETF Fund of Fund - Regular Plan - Growth,Commodity - Gold,High,37.0902,2025-12-19,2025-12-20
116075,Invesco India Gold ETF Fund of Fund - Regular Plan - IDCW (Payout / Reinvestment),Commodity - Gold,High,37.0947,2025-12-19,2025-12-20
114758,Kotak Gold Fund Growth,Commodity - Gold,High,50.7638,2025-12-19,2025-12-20
119781,Kotak Gold Fund Growth - Direct,Commodity - Gold,High,53.5563,2025-12-19,2025-12-20
114757,Kotak Gold Fund Payout of Income Distribution cum capital withdrawal option,Commodity - Gold,High,50.7638,2025-12-19,2025-12-20
119780,Kotak Gold Fund Payout of Income Distribution cum capital withdrawal option- Direct,Commodity - Gold,High,53.5559,2025-12-19,2025-12-20
153921,Kotak Gold Silver Passive FOF - Direct Plan - Growth,Commodity - Silver,High,12.957,2025-12-19,2025-12-20
153922,Kotak Gold Silver Passive FOF - Regular Plan - Growth,Commodity - Silver,High,12.952,2025-12-19,2025-12-20
150820,Kotak Income Plus Arbitrage Omni  FOF-Regular Plan-Growth,ETF / FoF,High,12.6548,2025-12-19,2025-12-20
150822,Kotak Income Plus Arbitrage Omni FOF-Direct Plan-Growth,ETF / FoF,High,12.706,2025-12-19,2025-12-20
150823,Kotak Income Plus Arbitrage Omni FOF-Direct Plan-IDCW,ETF / FoF,High,12.7062,2025-12-19,2025-12-20
150821,Kotak Income Plus Arbitrage Omni FOF-Regular Plan-IDCW,ETF / FoF,High,12.6546,2025-12-19,2025-12-20
119777,Kotak Multi Asset Omni FOF - Direct Growth - Direct,ETF / FoF,High,274.242,2025-12-19,2025-12-20
119776,Kotak Multi Asset Omni FOF - Direct Payout of Income Distribution cum capital withdrawal option,ETF / FoF,High,269.307,2025-12-19,2025-12-20
102574,Kotak Multi Asset Omni FOF - Growth- Regular,ETF / FoF,High,254.089,2025-12-19,2025-12-20
102573,Kotak Multi Asset Omni FOF - Payout of Income Distribution cum capital withdrawal option,ETF / FoF,High,247.332,2025-12-19,2025-12-20
151603,Kotak Silver ETF Fund of Fund - Direct Plan - Growth Option,Commodity - Silver,High,26.8425,2025-12-19,2025-12-20
151602,Kotak Silver ETF Fund of Fund - Regular Plan - Growth Option,Commodity - Silver,High,26.5101,2025-12-19,2025-12-20
151974,LIC MF Gold ETF Fund of Fund-Direct Plan-Growth,Commodity - Gold,High,36.3442,2025-12-19,2025-12-20
151973,LIC MF Gold ETF Fund of Fund-Regular Plan-Growth,Commodity - Gold,High,34.4197,2025-12-19,2025-12-20
154007,Mahindra Manulife Income Plus Arbitrage Active FOF  - Direct - Growth,ETF / FoF,High,10.0119,2025-12-19,2025-12-20
154008,Mahindra Manulife Income Plus Arbitrage Active FOF - Direct - IDCW,ETF / FoF,High,10.0119,2025-12-19,2025-12-20
154006,Mahindra Manulife Income Plus Arbitrage Active FOF - Regular - Growth,ETF / FoF,High,10.0096,2025-12-19,2025-12-20
154005,Mahindra Manulife Income Plus Arbitrage Active FOF - Regular - IDCW,ETF / FoF,High,10.0096,2025-12-19,2025-12-20
153380,Mirae Asset BSE 200 Equal Weight ETF Fund of Fund - Direct Plan - Growth,ETF / FoF,High,11.429,2025-12-19,2025-12-20
153381,Mirae Asset BSE 200 Equal Weight ETF Fund of Fund - Direct Plan - IDCW,ETF / FoF,High,11.426,2025-12-19,2025-12-20
153382,Mirae Asset BSE 200 Equal Weight ETF Fund of Fund - Regular Plan - Growth,ETF / FoF,High,11.381,2025-12-19,2025-12-20
153383,Mirae Asset BSE 200 Equal Weight ETF Fund of Fund - Regular Plan - IDCW,ETF / FoF,High,11.381,2025-12-19,2025-12-20
153385,Mirae Asset BSE Select IPO ETF Fund of Fund - Direct Plan - Growth,ETF / FoF,High,11.397,2025-12-19,2025-12-20
153386,Mirae Asset BSE Select IPO ETF Fund of Fund - Direct Plan - IDCW,ETF / FoF,High,11.395,2025-12-19,2025-12-20
153387,Mirae Asset BSE Select IPO ETF Fund of Fund - Regular Plan - Growth,ETF / FoF,High,11.368,2025-12-19,2025-12-20
153388,Mirae Asset BSE Select IPO ETF Fund of Fund - Regular Plan - IDCW,ETF / FoF,High,11.35,2025-12-19,2025-12-20
148500,Mirae Asset Diversified Equity Allocator Passive FOF - Direct Plan - Growth,ETF / FoF,High,25.833,2025-12-19,2025-12-20
148501,Mirae Asset Diversified Equity Allocator Passive FOF - Direct Plan - IDCW,ETF / FoF,High,25.853,2025-12-19,2025-12-20
148502,Mirae Asset Diversified Equity Allocator Passive FOF - Regular Plan - Growth,ETF / FoF,High,25.729,2025-12-19,2025-12-20
148503,Mirae Asset Diversified Equity Allocator Passive FOF - Regular Plan - IDCW,ETF / FoF,High,25.733,2025-12-19,2025-12-20
153007,Mirae Asset Gold ETF Fund of Fund - Direct Plan - Growth,Commodity - Gold,High,16.751,2025-12-19,2025-12-20
153008,Mirae Asset Gold ETF Fund of Fund - Direct Plan - IDCW,Commodity - Gold,High,16.751,2025-12-19,2025-12-20
153009,Mirae Asset Gold ETF Fund of Fund - Regular Plan - Growth,Commodity - Gold,High,16.659,2025-12-19,2025-12-20
153010,Mirae Asset Gold ETF Fund of Fund - Regular Plan - IDCW,Commodity - Gold,High,16.649,2025-12-19,2025-12-20
153812,Mirae Asset Gold Silver Passive FoF - Direct Plan - Growth,Commodity - Silver,High,14.743,2025-12-19,2025-12-20
153813,Mirae Asset Gold Silver Passive FoF - Direct Plan - IDCW,Commodity - Silver,High,14.742,2025-12-19,2025-12-20
153814,Mirae Asset Gold Silver Passive FoF - Regular Plan - Growth,Commodity - Silver,High,14.713,2025-12-19,2025-12-20
153815,Mirae Asset Gold Silver Passive FoF - Regular Plan - IDCW,Commodity - Silver,High,14.71,2025-12-19,2025-12-20
149380,Mirae Asset Hang Seng TECH ETF Fund of Fund Regular Plan - Growth Option,ETF / FoF,High,12.963,2025-12-19,2025-12-20
149381,Mirae AssetHang Seng TECH ETF Fund of Fund Direct Plan - Growth Option,ETF / FoF,High,13.205,2025-12-19,2025-12-20
153638,Mirae Asset Income plus Arbitrage Active FOF - Direct Plan - Growth,ETF / FoF,High,10.274,2025-12-19,2025-12-20
153639,Mirae Asset Income plus Arbitrage Active FOF - Direct Plan - IDCW,ETF / FoF,High,10.274,2025-12-19,2025-12-20
153640,Mirae Asset Income plus Arbitrage Active FOF - Regular Plan - Growth,ETF / FoF,High,10.26,2025-12-19,2025-12-20
153641,Mirae Asset Income plus Arbitrage Active FOF - Regular Plan - IDCW,ETF / FoF,High,10.26,2025-12-19,2025-12-20
153816,Mirae Asset Multi Factor Passive FOF - Direct Plan - Growth,ETF / FoF,High,10.517,2025-12-19,2025-12-20
153817,Mirae Asset Multi Factor Passive FOF - Direct Plan - IDCW,ETF / FoF,High,10.516,2025-12-19,2025-12-20
153818,Mirae Asset Multi Factor Passive FOF - Regular Plan - Growth,ETF / FoF,High,10.498,2025-12-19,2025-12-20
153819,Mirae Asset Multi Factor Passive FOF - Regular Plan - IDCW,ETF / FoF,High,10.483,2025-12-19,2025-12-20
149790,Mirae Asset Nifty India Manufacturing ETF FOF - Direct Plan - Growth,ETF / FoF,High,19.331,2025-12-19,2025-12-20
149787,Mirae Asset Nifty India Manufacturing ETF FOF - Direct Plan- IDCW,ETF / FoF,High,19.332,2025-12-19,2025-12-20
149788,Mirae Asset Nifty India Manufacturing ETF FOF - Regular Plan - Growth,ETF / FoF,High,19.041,2025-12-19,2025-12-20
149789,Mirae Asset Nifty India Manufacturing ETF FOF - Regular Plan - IDCW,ETF / FoF,High,19.112,2025-12-19,2025-12-20
153192,Mirae Asset Nifty India New Age Consumption ETF Fund of Fund - Direct Plan - Growth,ETF / FoF,High,9.756,2025-12-19,2025-12-20
153193,Mirae Asset Nifty India New Age Consumption ETF Fund of Fund - Direct Plan - IDCW,ETF / FoF,High,9.756,2025-12-19,2025-12-20
153194,Mirae Asset Nifty India New Age Consumption ETF Fund of Fund - Regular Plan - Growth,ETF / FoF,High,9.721,2025-12-19,2025-12-20
153195,Mirae Asset Nifty India New Age Consumption ETF Fund of Fund - Regular Plan - IDCW,ETF / FoF,High,9.722,2025-12-19,2025-12-20
152645,Mirae Asset Nifty MidSmallcap400 Momentum Quality 100 ETF Fund of Fund - Direct Plan - Growth,ETF / FoF,High,9.701,2025-12-19,2025-12-20
152646,Mirae Asset Nifty MidSmallcap400 Momentum Quality 100 ETF Fund of Fund - Direct Plan - IDCW,ETF / FoF,High,9.7,2025-12-19,2025-12-20
152647,Mirae Asset Nifty MidSmallcap400 Momentum Quality 100 ETF Fund of Fund - Regular Plan - Growth,ETF / FoF,High,9.62,2025-12-19,2025-12-20
152648,Mirae Asset Nifty MidSmallcap400 Momentum Quality 100 ETF Fund of Fund - Regular Plan - IDCW,ETF / FoF,High,9.626,2025-12-19,2025-12-20
152459,Mirae Asset Nifty Smallcap 250 Momentum Quality 100 ETF Fund of Fund - Direct Plan - Growth,ETF / FoF,High,9.726,2025-12-19,2025-12-20
152456,Mirae Asset Nifty Smallcap 250 Momentum Quality 100 ETF Fund of Fund - Direct Plan - IDCW,ETF / FoF,High,9.725,2025-12-19,2025-12-20
152457,Mirae Asset Nifty Smallcap 250 Momentum Quality 100 ETF Fund of Fund - Regular Plan - Growth,ETF / FoF,High,9.641,2025-12-19,2025-12-20
152458,Mirae Asset Nifty Smallcap 250 Momentum Quality 100 ETF Fund of Fund - Regular Plan - IDCW,ETF / FoF,High,9.643,2025-12-19,2025-12-20
152718,Mirae Asset Nifty200 Alpha 30 ETF Fund of Fund - Direct Plan - Growth,ETF / FoF,High,8.808,2025-12-19,2025-12-20
152719,Mirae Asset Nifty200 Alpha 30 ETF Fund of Fund - Direct Plan - IDCW,ETF / FoF,High,8.814,2025-12-19,2025-12-20
152720,Mirae Asset Nifty200 Alpha 30 ETF Fund of Fund - Regular Plan - Growth,ETF / FoF,High,8.757,2025-12-19,2025-12-20
152721,Mirae Asset Nifty200 Alpha 30 ETF Fund of Fund - Regular Plan - IDCW,ETF / FoF,High,8.749,2025-12-19,2025-12-20
148928,Mirae Asset NYSE FANG + ETF Fund of Fund Direct Growth,ETF / FoF,High,35.133,2025-12-19,2025-12-20
148929,Mirae Asset NYSE FANG + ETF Fund of Fund Regular Growth,ETF / FoF,High,34.505,2025-12-19,2025-12-20
149170,Mirae Asset S&P 500 Top 50 ETF Fund of Fund Direct Growth,ETF / FoF,High,25.085,2025-12-19,2025-12-20
149171,Mirae Asset S&P 500 Top 50 ETF Fund of Fund Regular Growth,ETF / FoF,High,24.653,2025-12-19,2025-12-20
148747,Motilal Oswal Asset Allocation FOF- A- Direct Growth,ETF / FoF,High,19.5521,2025-12-19,2025-12-20
148748,Motilal Oswal Asset Allocation FOF- A- Regular Growth,ETF / FoF,High,19.068,2025-12-19,2025-12-20
148750,Motilal Oswal Asset Allocation FOF- C- Direct Growth,ETF / FoF,High,17.3349,2025-12-19,2025-12-20
148749,Motilal Oswal Asset Allocation FOF- C- Regular Growth,ETF / FoF,High,16.9083,2025-12-19,2025-12-20
150642,Motilal Oswal Gold and Silver ETFs Fund of Funds(Direct Plan),Commodity - Silver,High,27.5026,2025-12-19,2025-12-20
150641,Motilal Oswal Gold and Silver ETFs Fund of Funds(Regular Plan),Commodity - Silver,High,27.1894,2025-12-19,2025-12-20
148642,Nippon India Diversified Equity Flexicap Passive FoF - Direct Plan - Growth Option,ETF / FoF,High,21.7823,2025-12-19,2025-12-20
148643,Nippon India Diversified Equity Flexicap Passive FoF - IDCW Option,ETF / FoF,High,21.2831,2025-12-19,2025-12-20
148641,Nippon India Diversified Equity Flexicap Passive FoF - Regular Plan - Growth Option,ETF / FoF,High,21.2831,2025-12-19,2025-12-20
148644,Nippon India Diversified Equity Flexicap Passive FoF- DIRECT Plan - IDCW Option,ETF / FoF,High,21.7823,2025-12-19,2025-12-20
118662,NIPPON INDIA GOLD SAVINGS FUND - Direct Plan - IDCW Option,Commodity - Gold,High,52.9756,2025-12-19,2025-12-20
118663,Nippon India Gold Savings Fund - Direct Plan Growth Plan - Growth Option,Commodity - Gold,High,52.9756,2025-12-19,2025-12-20
114617,NIPPON INDIA GOLD SAVINGS FUND - IDCW Option,Commodity - Gold,High,50.6222,2025-12-19,2025-12-20
114616,Nippon India Gold Savings Fund-Growth plan- Growth Option,Commodity - Gold,High,50.6222,2025-12-19,2025-12-20
148666,Nippon India Multi - Asset Omni FoF - Direct Plan - Growth Option,ETF / FoF,High,23.6814,2025-12-19,2025-12-20
148664,Nippon India Multi - Asset Omni FoF - DIRECT Plan - IDCW Option,ETF / FoF,High,23.6814,2025-12-19,2025-12-20
148665,Nippon India Multi - Asset Omni FoF - IDCW Option,ETF / FoF,High,22.5694,2025-12-19,2025-12-20
148663,Nippon India Multi - Asset Omni FoF - Regular Plan - Growth Option,ETF / FoF,High,22.5694,2025-12-19,2025-12-20
146513,Nippon India Nifty Next 50 Junior BeES FoF - Direct Plan - Growth Plan - Growth Option,ETF / FoF,High,25.665,2025-12-19,2025-12-20
146515,NIPPON INDIA NIFTY NEXT 50 JUNIOR BEES FOF - DIRECT Plan - IDCW Option,ETF / FoF,High,25.665,2025-12-19,2025-12-20
146514,Nippon India Nifty Next 50 Junior BeES FoF - Growth Plan - Growth Option,ETF / FoF,High,25.264,2025-12-19,2025-12-20
146512,NIPPON INDIA NIFTY NEXT 50 JUNIOR BEES FOF - IDCW Option,ETF / FoF,High,25.264,2025-12-19,2025-12-20
149760,Nippon India Silver ETF FOF- Direct Plan-Growth Option,Commodity - Silver,High,30.9114,2025-12-19,2025-12-20
149762,Nippon India Silver ETF FOF- Direct Plan-IDCW Option,Commodity - Silver,High,30.9114,2025-12-19,2025-12-20
149761,Nippon India Silver ETF FOF- Regular Plan-IDCW Option,Commodity - Silver,High,30.4521,2025-12-19,2025-12-20
149759,Nippon India Silver ETF FOF-Regular Plan- Growth Option,Commodity - Silver,High,30.4521,2025-12-19,2025-12-20
112039,Quantum Diversified Equity All Cap Active FOF - Direct Plan Growth Option,ETF / FoF,High,87.311,2025-12-19,2025-12-20
112038,Quantum Diversified Equity All Cap Active FOF - Direct Plan IDCW,ETF / FoF,High,87.094,2025-12-19,2025-12-20
141063,Quantum Diversified Equity All Cap Active FOF - Regular Plan Growth Option,ETF / FoF,High,85.687,2025-12-19,2025-12-20
141062,Quantum Diversified Equity All Cap Active FOF - Regular Plan IDCW,ETF / FoF,High,85.47,2025-12-19,2025-12-20
115132,Quantum Gold Savings Fund - Direct Plan Growth Option,Commodity - Gold,High,50.8415,2025-12-19,2025-12-20
141064,Quantum Gold Savings Fund - Regular Plan Growth Option,Commodity - Gold,High,50.1774,2025-12-19,2025-12-20
117608,Quantum Multi Asset Active FOF - Direct Plan Growth Option,ETF / FoF,High,37.1258,2025-12-19,2025-12-20
141072,Quantum Multi Asset Active FOF - Regular Plan Growth Option,ETF / FoF,High,36.2233,2025-12-19,2025-12-20
150390,Quantum Nifty 50 ETF Fund of Fund - Direct Plan - Growth,ETF / FoF,High,15.3686,2025-12-19,2025-12-20
150389,Quantum Nifty 50 ETF Fund of Fund - Regular Plan - Growth,ETF / FoF,High,15.3064,2025-12-19,2025-12-20
153832,SBI Dynamic Asset Allocation Active FoF - Direct Plan - Growth,ETF / FoF,High,10.2149,2025-12-19,2025-12-20
153831,SBI Dynamic Asset Allocation Active FoF - Regular Plan - Growth,ETF / FoF,High,10.1865,2025-12-19,2025-12-20
153834,SBI Dynamic Asset Allocation Active FoF - Regular Plan - Income Distribution Cum Capital Withdrawal Option,ETF / FoF,High,10.1865,2025-12-19,2025-12-20
153833,SBI Dynamic Asset Allocation Active FoF- Direct Plan- Income Cum Distribution Capital Withdrawal Option,ETF / FoF,High,10.2144,2025-12-19,2025-12-20
119789,SBI Gold Fund - Direct Plan - Income Distribution cum Capital Withdrawal Option (IDCW),Commodity - Gold,High,40.4308,2025-12-19,2025-12-20
115677,SBI Gold Fund - Regular Plan - Income Distribution cum Capital Withdrawal Option (IDCW),Commodity - Gold,High,38.6603,2025-12-19,2025-12-20
115676,SBI GOLD FUND REGULAR PLAN - GROWTH,Commodity - Gold,High,38.65,2025-12-19,2025-12-20
119788,SBI GOLD FUND- DIRECT PLAN - GROWTH,Commodity - Gold,High,40.489,2025-12-19,2025-12-20
153498,SBI Income Plus Arbitrage Active FOF- Direct Plan- Growth,ETF / FoF,High,10.3408,2025-12-19,2025-12-20
153501,SBI Income Plus Arbitrage Active FOF- Direct Plan- Income Distribution Cum Capital Withdrawal Option,ETF / FoF,High,10.3407,2025-12-19,2025-12-20
153500,SBI Income Plus Arbitrage Active FOF- Regular Plan- Growth,ETF / FoF,High,10.3292,2025-12-19,2025-12-20
153499,SBI Income Plus Arbitrage Active FOF- Regular Plan- Income Distribution Cum Capital Withdrawal Option,ETF / FoF,High,10.3292,2025-12-19,2025-12-20
152734,SBI Silver ETF FOF- Regular Plan - Income Distribution Cum Capital Withdrawal Option (IDCW),Commodity - Silver,High,21.3575,2025-12-19,2025-12-20
152735,SBI Silver ETF Fund of Fund- Direct Plan - Growth,Commodity - Silver,High,21.469,2025-12-19,2025-12-20
152736,SBI Silver ETF Fund of Fund- Direct Plan - Income Distribution Cum Capital Withdrawal Option (IDCW),Commodity - Silver,High,21.469,2025-12-19,2025-12-20
152733,SBI Silver ETF Fund of Fund- Regular Plan - Growth,Commodity - Silver,High,21.3571,2025-12-19,2025-12-20
152287,Tata Gold ETF Fund of Fund Direct Plan Growth Option,Commodity - Gold,High,20.4149,2025-12-19,2025-12-20
152288,Tata Gold ETF Fund of Fund Direct Plan IDCW Payout Option,Commodity - Gold,High,20.4149,2025-12-19,2025-12-20
152289,Tata Gold ETF Fund of Fund Direct Plan IDCW Reinvestment Option,Commodity - Gold,High,20.4149,2025-12-19,2025-12-20
152290,Tata Gold ETF Fund of Fund Regular Plan Growth Option,Commodity - Gold,High,20.192,2025-12-19,2025-12-20
152286,Tata Gold ETF Fund of Fund Regular Plan IDCW Payout Option,Commodity - Gold,High,20.192,2025-12-19,2025-12-20
152291,Tata Gold ETF Fund of Fund Regular Plan IDCW Reinvestment Option,Commodity - Gold,High,20.192,2025-12-19,2025-12-20
153513,Tata Income Plus Arbitrage Active FOF - Direct Plan Growth Option,ETF / FoF,High,10.2905,2025-12-19,2025-12-20
153512,Tata Income Plus Arbitrage Active FOF - Direct Plan IDCW Payout Option,ETF / FoF,High,10.2905,2025-12-19,2025-12-20
153509,Tata Income Plus Arbitrage Active FOF - Direct Plan IDCW Reinvestment Option,ETF / FoF,High,10.2905,2025-12-19,2025-12-20
153511,Tata Income Plus Arbitrage Active FOF - Regular Plan Growth Option,ETF / FoF,High,10.2596,2025-12-19,2025-12-20
153510,Tata Income Plus Arbitrage Active FOF - Regular Plan IDCW Payout Option,ETF / FoF,High,10.2596,2025-12-19,2025-12-20
153514,Tata Income Plus Arbitrage Active FOF - Regular Plan IDCW Reinvestment Option,ETF / FoF,High,10.2596,2025-12-19,2025-12-20
150345,Tata Nifty India Digital ETF Fund of Fund -Regular Plan-Growth,ETF / FoF,High,15.3476,2025-12-19,2025-12-20
150341,Tata Nifty India Digital ETF Fund of Fund-Direct Plan- IDCW Reinvestment,ETF / FoF,High,15.6038,2025-12-19,2025-12-20
150344,Tata Nifty India Digital ETF Fund of Fund-Direct Plan-Growth,ETF / FoF,High,15.6038,2025-12-19,2025-12-20
150340,Tata Nifty India Digital ETF Fund of Fund-Direct Plan-IDCW Payout,ETF / FoF,High,15.6038,2025-12-19,2025-12-20
150342,Tata Nifty India Digital ETF Fund of Fund-Regular Plan-IDCW Payout,ETF / FoF,High,15.3476,2025-12-19,2025-12-20
150343,Tata Nifty India Digital ETF Fund of Fund-Regular Plan-IDCW Reinvestment,ETF / FoF,High,15.3476,2025-12-19,2025-12-20
152293,Tata Silver ETF Fund of Fund Direct Plan Growth Option,Commodity - Silver,High,26.5088,2025-12-19,2025-12-20
152294,Tata Silver ETF Fund of Fund Direct Plan IDCW Payout Option,Commodity - Silver,High,26.5088,2025-12-19,2025-12-20
152295,Tata Silver ETF Fund of Fund Direct Plan IDCW Reinvestment Option,Commodity - Silver,High,26.5088,2025-12-19,2025-12-20
152297,Tata Silver ETF Fund of Fund Regular Plan Growth Option,Commodity - Silver,High,26.2791,2025-12-19,2025-12-20
152296,Tata Silver ETF Fund of Fund Regular Plan IDCW Payout Option,Commodity - Silver,High,26.2791,2025-12-19,2025-12-20
152292,Tata Silver ETF Fund of Fund Regular Plan IDCW Reinvestment Option,Commodity - Silver,High,26.2791,2025-12-19,2025-12-20
153824,Union Diversified Equity All Cap Active FOF - Direct Plan - Growth Option,ETF / FoF,High,9.9187,2025-12-19,2025-12-20
153825,Union Diversified Equity All Cap Active FOF - Direct Plan - IDCW Option,ETF / FoF,High,9.9187,2025-12-19,2025-12-20
153822,Union Diversified Equity All Cap Active FOF - Regular Plan - Growth Option,ETF / FoF,High,9.8922,2025-12-19,2025-12-20
153823,Union Diversified Equity All Cap Active FOF - Regular Plan - IDCW Option,ETF / FoF,High,9.8922,2025-12-19,2025-12-20
153340,Union Gold ETF Fund of Fund - Direct Plan - Growth Option,Commodity - Gold,High,15.1248,2025-12-19,2025-12-20
153339,Union Gold ETF Fund of Fund - Direct Plan - IDCW Option,Commodity - Gold,High,15.1248,2025-12-19,2025-12-20
153338,Union Gold ETF Fund of Fund - Regular Plan - Growth Option,Commodity - Gold,High,15.0932,2025-12-19,2025-12-20
153341,Union Gold ETF Fund of Fund - Regular Plan - IDCW Option,Commodity - Gold,High,15.0932,2025-12-19,2025-12-20
153575,Union Income Plus Arbitrage Active FOF - Direct Plan - Growth Option,ETF / FoF,High,10.1668,2025-12-19,2025-12-20
153576,Union Income Plus Arbitrage Active FOF - Direct Plan - IDCW Option,ETF / FoF,High,10.1668,2025-12-19,2025-12-20
153573,Union Income Plus Arbitrage Active FOF - Regular Plan - Growth Option,ETF / FoF,High,10.1402,2025-12-19,2025-12-20
153574,Union Income Plus Arbitrage Active FOF - Regular Plan - IDCW Option,ETF / FoF,High,10.1402,2025-12-19,2025-12-20
150714,UTI Gold ETF Fund of Fund - Direct Plan - Growth Option,Commodity - Gold,High,25.5646,2025-12-19,2025-12-20
150715,UTI Gold ETF Fund of Fund - Regular Plan - Growth Opton,Commodity - Gold,High,25.2178,2025-12-19,2025-12-20
151731,UTI Silver ETF Fund of Fund - Direct Plan - Growth Option,Commodity - Silver,High,25.7189,2025-12-19,2025-12-20
151732,UTI Silver ETF Fund of Fund - Regular Plan - Growth Option,Commodity - Silver,High,25.4669,2025-12-19,2025-12-20
153011,Zerodha Gold ETF FoF-Direct Plan - Growth Option,Commodity - Gold,High,17.3384,2025-12-19,2025-12-20
153757,Zerodha Multi Asset Passive FoF - Direct - Growth,ETF / FoF,High,11.0851,2025-12-19,2025-12-20
153656,Zerodha Silver ETF FoF - Direct Growth,Commodity - Silver,High,18.3948,2025-12-19,2025-12-20
149289,Aditya Birla Sun Life US Equity Passive FOF-Direct IDCW,ETF / FoF,High,18.6608,2025-12-19,2025-12-20
149291,Aditya Birla Sun Life US Equity Passive FOF-Direct-Growth,ETF / FoF,High,18.6583,2025-12-19,2025-12-20
149290,Aditya Birla Sun Life US Equity Passive FOF-Regular Growth,ETF / FoF,High,18.3626,2025-12-19,2025-12-20
149292,Aditya Birla Sun Life US Equity Passive FOF-Regular IDCW,ETF / FoF,High,18.3612,2025-12-19,2025-12-20
152140,Aditya Birla Sun Life US Treasury 1-3 Year Bond ETFs Fund Of Funds-Direct Growth,ETF / FoF,High,11.9629,2025-12-19,2025-12-20
152139,Aditya Birla Sun Life US Treasury 1-3 Year Bond ETFs Fund Of Funds-Direct IDCW Payout,ETF / FoF,High,11.9628,2025-12-19,2025-12-20
152142,Aditya Birla Sun Life US Treasury 1-3 Year Bond ETFs Fund Of Funds-Regular Growth,ETF / FoF,High,11.9509,2025-12-19,2025-12-20
152144,Aditya Birla Sun Life US Treasury 1-3 Year Bond ETFs Fund Of Funds-Regular IDCW,ETF / FoF,High,11.9497,2025-12-19,2025-12-20
152150,Aditya Birla Sun Life US Treasury 3-10 Year Bond ETFs Fund Of Funds-Direct Growth,ETF / FoF,High,12.3128,2025-12-19,2025-12-20
152145,Aditya Birla Sun Life US Treasury 3-10 Year Bond ETFs Fund Of Funds-Direct IDCW,ETF / FoF,High,12.3128,2025-12-19,2025-12-20
152147,Aditya Birla Sun Life US Treasury 3-10 Year Bond ETFs Fund Of Funds-Regular Growth,ETF / FoF,High,12.299,2025-12-19,2025-12-20
152149,Aditya Birla Sun Life US Treasury 3-10 Year Bond ETFs Fund Of Funds-Regular IDCW,ETF / FoF,High,12.299,2025-12-19,2025-12-20
150751,Axis US Specific Equity Passive FOF - Direct Plan - Growth,ETF / FoF,High,24.2711,2025-12-19,2025-12-20
150749,Axis US Specific Equity Passive FOF - Direct Plan - IDCW,ETF / FoF,High,24.271,2025-12-19,2025-12-20
150750,Axis US Specific Equity Passive FOF - Regular Plan - Growth,ETF / FoF,High,23.9825,2025-12-19,2025-12-20
150748,Axis US Specific Equity Passive FOF - Regular Plan - IDCW,ETF / FoF,High,23.9824,2025-12-19,2025-12-20
152240,Axis US Specific Treasury Dynamic Debt Passive FOF - Direct Plan - Growth Option,ETF / FoF,High,11.6995,2025-12-19,2025-12-20
152241,Axis US Specific Treasury Dynamic Debt Passive FOF - Direct Plan - IDCW Option,ETF / FoF,High,11.6988,2025-12-19,2025-12-20
152239,Axis US Specific Treasury Dynamic Debt Passive FOF - Regular Plan - Growth Option,ETF / FoF,High,11.6881,2025-12-19,2025-12-20
152238,Axis US Specific Treasury Dynamic Debt Passive FOF - Regular Plan - IDCW Option,ETF / FoF,High,11.688,2025-12-19,2025-12-20
149098,Bandhan US specific Equity Active FOF - GROWTH - DIRECT PLAN,ETF / FoF,High,19.145,2025-12-19,2025-12-20
149100,Bandhan US specific Equity Active FOF - GROWTH - REGULAR PLAN,ETF / FoF,High,18.299,2025-12-19,2025-12-20
149099,Bandhan US specific Equity Active FOF - IDCW - DIRECT PLAN,ETF / FoF,High,19.145,2025-12-19,2025-12-20
149097,Bandhan US specific Equity Active FOF - IDCW - REGULAR PLAN,ETF / FoF,High,18.299,2025-12-19,2025-12-20
151548,Bandhan US Treasury Bond 0-1 year specific Debt Passive FOF - DIRECT PLAN - GROWTH,ETF / FoF,High,12.3895,2025-12-19,2025-12-20
151549,Bandhan US Treasury Bond 0-1 year specific Debt Passive FOF - DIRECT PLAN - IDCW,ETF / FoF,High,12.3895,2025-12-19,2025-12-20
151546,Bandhan US Treasury Bond 0-1 year specific Debt Passive FOF - REGULAR PLAN - GROWTH,ETF / FoF,High,12.3695,2025-12-19,2025-12-20
151547,Bandhan US Treasury Bond 0-1 year specific Debt Passive FOF- REGULAR PLAN- IDCW,ETF / FoF,High,12.3695,2025-12-19,2025-12-20
119276,DSP Global Clean Energy Overseas Equity Omni FoF - Direct Plan - IDCW,Equity - International,High,18.3475,2025-12-19,2025-12-20
112126,DSP Global Clean Energy Overseas Equity Omni FoF - Regular Plan - Growth,Equity - International,High,23.6837,2025-12-19,2025-12-20
112127,DSP Global Clean Energy Overseas Equity Omni FoF - Regular Plan - IDCW,Equity - International,High,16.4676,2025-12-19,2025-12-20
119275,DSP Global Clean Energy Overseas Equity Omni FoF Direct Plan - Growth,Equity - International,High,25.0003,2025-12-19,2025-12-20
149816,DSP Global Innovation Overseas Equity Omni FoF - Direct - Growth,Equity - International,High,19.084,2025-12-18,2025-12-20
149815,DSP Global Innovation Overseas Equity Omni FoF - Direct - IDCW,Equity - International,High,19.084,2025-12-18,2025-12-20
149817,DSP Global Innovation Overseas Equity Omni FoF - Regular - Growth,Equity - International,High,18.4283,2025-12-18,2025-12-20
149814,DSP Global Innovation Overseas Equity Omni FoF - Regular - IDCW,Equity - International,High,18.4283,2025-12-18,2025-12-20
152528,DSP US Specific Debt Passive FoF - Direct - Growth,ETF / FoF,High,11.9397,2025-12-19,2025-12-20
152529,DSP US Specific Debt Passive FoF - Direct - IDCW,ETF / FoF,High,11.9397,2025-12-19,2025-12-20
152527,DSP US Specific Debt Passive FoF - Regular - Growth,ETF / FoF,High,11.9292,2025-12-19,2025-12-20
152530,DSP US Specific Debt Passive FoF - Regular - IDCW,ETF / FoF,High,11.9292,2025-12-19,2025-12-20
119252,DSP US Specific Equity Omni FoF - Direct Plan - Growth,ETF / FoF,High,83.387,2025-12-19,2025-12-20
119253,DSP US Specific Equity Omni FoF - Direct Plan - IDCW,ETF / FoF,High,69.7772,2025-12-19,2025-12-20
117691,DSP US Specific Equity Omni FoF - Regular Plan - Growth Option,ETF / FoF,High,75.7901,2025-12-19,2025-12-20
117692,DSP US Specific Equity Omni FoF - Regular Plan - IDCW,ETF / FoF,High,36.0363,2025-12-19,2025-12-20
119277,DSP World Gold Mining Overseas Equity Omni FoF - Direct Plan - Growth,Commodity - Gold,High,57.0729,2025-12-19,2025-12-20
119278,DSP World Gold Mining Overseas Equity Omni FoF - Direct Plan - IDCW,Commodity - Gold,High,34.1626,2025-12-19,2025-12-20
106597,DSP World Gold Mining Overseas Equity Omni FoF - Regular Plan - Growth,Commodity - Gold,High,53.2183,2025-12-19,2025-12-20
106596,DSP World Gold Mining Overseas Equity Omni FoF - Regular Plan - IDCW,Commodity - Gold,High,32.2385,2025-12-19,2025-12-20
119279,DSP World Mining Overseas Equity Omni FoF - Direct Plan - Growth,Equity - International,High,28.4939,2025-12-19,2025-12-20
119280,DSP World Mining Overseas Equity Omni FoF - Direct Plan - IDCW,Equity - International,High,27.0689,2025-12-19,2025-12-20
112293,DSP World Mining Overseas Equity Omni FoF - Regular Plan - Growth,Equity - International,High,26.4051,2025-12-19,2025-12-20
112347,DSP World Mining Overseas Equity Omni FoF - Regular Plan - IDCW,Equity - International,High,23.8875,2025-12-19,2025-12-20
149180,HDFC Developed World Overseas Equity Passive FOF - Direct Plan - Growth Option,Equity - International,High,18.365,2025-12-18,2025-12-20
149181,HDFC Developed World Overseas Equity Passive FOF - Growth Option,Equity - International,High,18.001,2025-12-18,2025-12-20
123654,ICICI Prudential Global Stable Equity Fund (FOF) - Direct - Growth,ETF / FoF,High,32.3,2025-12-19,2025-12-20
123652,ICICI Prudential Global Stable Equity Fund (FOF) - Direct - IDCW,ETF / FoF,High,32.3,2025-12-19,2025-12-20
123651,ICICI Prudential Global Stable Equity Fund (FOF) - Growth,ETF / FoF,High,29.91,2025-12-19,2025-12-20
123653,ICICI Prudential Global Stable Equity Fund (FOF) - IDCW,ETF / FoF,High,29.91,2025-12-19,2025-12-20
149961,Invesco India - Invesco EQQQ Nasdaq-100 ETF Fund of Fund - Direct Plan - Growth,ETF / FoF,High,21.2834,2025-12-19,2025-12-20
149960,Invesco India - Invesco EQQQ Nasdaq-100 ETF Fund of Fund - Regular Plan - Growth,ETF / FoF,High,21.097,2025-12-19,2025-12-20
119779,Kotak Global Emerging Market overseas Equity Omni FOF - Growth - Direct,Equity - International,High,32.689,2025-12-19,2025-12-20
106442,Kotak Global Emerging Market Overseas Equity Omni FOF - Payout of Income Distribution cum capital withdrawal option,Equity - International,High,30.088,2025-12-19,2025-12-20
119778,Kotak Global Emerging Market Overseas Equity Omni FOF - Payout of Income Distribution cum capital withdrawal option - Direct,Equity - International,High,32.826,2025-12-19,2025-12-20
106441,Kotak Global Emerging Market Overseas Equity Omni FOF- Growth,Equity - International,High,30.085,2025-12-19,2025-12-20
149058,Kotak Global Innovation Overseas Equity Omni FOF - Regular Plan -IDCW Option,Equity - International,High,12.343,2025-12-18,2025-12-20
149056,Kotak Global Innovation Overseas Equity Omni FOF - Regular Plan-Growth,Equity - International,High,12.3426,2025-12-18,2025-12-20
149060,Kotak Global Innovation Overseas Equity Omni FOF- Direct Plan - IDCW Option,Equity - International,High,13.0063,2025-12-18,2025-12-20
149059,Kotak Global Innovation Overseas Equity Omni FOF- Direct Plan -Growth,Equity - International,High,13.0082,2025-12-18,2025-12-20
148646,Kotak International REIT Overseas Equity Omni FOF - Direct Plan - Growth,Equity - International,High,11.9152,2025-12-19,2025-12-20
148649,Kotak International REIT Overseas Equity Omni FOF - Direct Plan - Payout of Income Distribution cum capital withdrawal option,Equity - International,High,11.9151,2025-12-19,2025-12-20
148645,Kotak International REIT Overseas Equity Omni FOF - Regular Plan - Growth,Equity - International,High,11.3948,2025-12-19,2025-12-20
148647,Kotak International REIT Overseas Equity Omni FOF - Regular Plan - Payout of Income Distribution cum capital withdrawal option,Equity - International,High,11.3949,2025-12-19,2025-12-20
148661,Kotak US Specific Equity Passive FOF - Regular Plan - Growth,ETF / FoF,High,22.7554,2025-12-19,2025-12-20
148662,Kotak US Specific Equity Passive FOF- Direct Plan - Growth,ETF / FoF,High,23.1897,2025-12-19,2025-12-20
133814,Kotak World Gold Fund - Standard Plan - Dividend Option,Commodity - Gold,High,9.28,2020-02-25,2025-12-20
133815,Kotak World Gold Fund - Standard Plan - Growth Option,Commodity - Gold,High,11.199,2020-02-25,2025-12-20
133817,Kotak World Gold Fund- Direct Plan- Dividend Option,Commodity - Gold,High,9.78,2020-02-25,2025-12-20
133816,Kotak World Gold Fund- Direct Plan- Growth Option,Commodity - Gold,High,11.759,2020-02-25,2025-12-20
149230,Mahindra Manulife Asia Pacific REITs FOF - Direct Plan - Growth,ETF / FoF,High,10.6013,2025-12-19,2025-12-20
149231,Mahindra Manulife Asia Pacific REITs FOF - Direct Plan - IDCW,ETF / FoF,High,10.6013,2025-12-19,2025-12-20
149228,Mahindra Manulife Asia Pacific REITs FOF - Regular Plan - Growth,ETF / FoF,High,10.1844,2025-12-19,2025-12-20
149229,Mahindra Manulife Asia Pacific REITs FOF - Regular Plan - IDCW,ETF / FoF,High,10.1844,2025-12-19,2025-12-20
150595,Mirae Asset Global Electric & Autonomous Vehicles Equity Passive FOF - Direct Plan - Growth,ETF / FoF,High,13.818,2025-12-19,2025-12-20
150594,Mirae Asset Global Electric & Autonomous Vehicles Equity Passive FOF - Regular Plan - Growth,ETF / FoF,High,13.626,2025-12-19,2025-12-20
150597,Mirae Asset Global X Artificial Intelligence & Technology ETF Fund of Fund - Direct Plan- Growth,ETF / FoF,High,26.901,2025-12-19,2025-12-20
150596,Mirae Asset Global X Artificial Intelligence & Technology ETF Fund of Fund - Regular Plan - Growth,ETF / FoF,High,26.755,2025-12-19,2025-12-20
152090,Motilal Oswal Developed Market Ex US ETFs Fund of Funds Direct Plan Growth,ETF / FoF,High,15.5784,2025-12-19,2025-12-20
152091,Motilal Oswal Developed Market Ex US ETFs Fund of Funds Regular Plan Growth,ETF / FoF,High,15.3986,2025-12-19,2025-12-20
148760,SBI US Specific Equity Active FoF - Direct Plan - Growth,ETF / FoF,High,21.8865,2025-12-19,2025-12-20
148761,SBI US Specific Equity Active FoF- Direct Plan - Income Distribution cum Capital Withdrawal Option (IDCW),ETF / FoF,High,21.8865,2025-12-19,2025-12-20
148762,SBI US Specific Equity Active FoF- Regular Plan - Growth,ETF / FoF,High,21.133,2025-12-19,2025-12-20
148759,SBI US Specific Equity Active FoF- Regular Plan - Income Distribution cum Capital Withdrawal Option (IDCW),ETF / FoF,High,21.1323,2025-12-19,2025-12-20
119602,Sundaram Global Brand Theme-Equity Active FOF - Direct Growth,ETF / FoF,High,43.8226,2025-12-18,2025-12-20
119601,Sundaram Global Brand Theme-Equity Active FOF - Direct IDCW,ETF / FoF,High,36.7776,2025-12-18,2025-12-20
106370,Sundaram Global Brand Theme-Equity Active FOF - Regular Growth,ETF / FoF,High,39.8704,2025-12-18,2025-12-20
106369,Sundaram Global Brand Theme-Equity Active FOF - Regular IDCW,ETF / FoF,High,32.2305,2025-12-18,2025-12-20
153357,360 ONE Gold ETF,Commodity - Gold,High,128.4734,2025-12-19,2025-12-20
115127,Aditya Birla Sun Life Gold ETF,Commodity - Gold,High,115.527,2025-12-19,2025-12-20
153826,ANGEL ONE GOLD ETF,Commodity - Gold,High,12.2816,2025-12-19,2025-12-20
113434,Axis Gold ETF,Commodity - Gold,High,109.6802,2025-12-19,2025-12-20
153930,Bandhan Gold ETF,Commodity - Gold,High,131.4174,2025-12-19,2025-12-20
152231,Baroda BNP Paribas Gold ETF,Commodity - Gold,High,127.3371,2025-12-19,2025-12-20
153933,Choice Gold ETF,Commodity - Gold,High,130.7548,2025-12-19,2025-12-20
151737,DSP Gold ETF,Commodity - Gold,High,127.6705,2025-12-19,2025-12-20
152193,Edelweiss Gold ETF,Commodity - Gold,High,131.4378,2025-12-19,2025-12-20
152957,Groww Gold ETF,Commodity - Gold,High,128.6679,2025-12-19,2025-12-20
113049,HDFC Gold ETF - Growth Option,Commodity - Gold,High,112.3344,2025-12-19,2025-12-20
113076,ICICI Prudential Gold ETF,Commodity - Gold,High,112.5526,2025-12-19,2025-12-20
112368,Invesco India Gold Exchange Traded Fund,Commodity - Gold,High,11488.107,2025-12-19,2025-12-20
106193,KOTAK GOLD ETF,Commodity - Gold,High,109.6878,2025-12-19,2025-12-20
151961,LIC MF Gold Exchange Traded Fund,Commodity - Gold,High,11920.8405,2025-12-19,2025-12-20
151416,Mirae Asset Gold ETF,Commodity - Gold,High,127.7593,2025-12-19,2025-12-20
153780,Motilal Oswal Gold ETF,Commodity - Gold,High,130.2288,2025-12-19,2025-12-20
140088,Nippon India ETF Gold BeES,Commodity - Gold,High,108.8711,2025-12-19,2025-12-20
107693,Quantum Gold Fund,Commodity - Gold,High,108.864,2025-12-19,2025-12-20
111954,SBI Gold ETF,Commodity - Gold,High,112.1752,2025-12-19,2025-12-20
152284,Tata Gold Exchange Traded Fund,Commodity - Gold,High,12.9083,2025-12-19,2025-12-20
153337,Union Gold ETF,Commodity - Gold,High,128.8132,2025-12-19,2025-12-20
105463,UTI GOLD Exchange Traded Fund,Commodity - Gold,High,111.5211,2025-12-19,2025-12-20
152476,Zerodha Gold ETF,Commodity - Gold,High,20.6842,2025-12-19,2025-12-20
153415,360 ONE Silver ETF,Commodity - Silver,High,195.4369,2025-12-19,2025-12-20
139581,Aditya Birla Sun Life BSE Sensex ETF,ETF / FoF,High,84.9983,2025-12-19,2025-12-20
152802,Aditya Birla Sun Life Crisil 10 Year Gilt ETF,ETF / FoF,High,109.9113,2025-12-19,2025-12-20
152732,ADITYA BIRLA SUN LIFE CRISIL BROAD BASED GILT ETF,ETF / FoF,High,111.1987,2025-12-19,2025-12-20
151533,Aditya Birla Sun Life CRISIL Liquid Overnight ETF - IDCW Daily Reinvestment with Weekly Payout,ETF / FoF,High,1000.0,2025-12-19,2025-12-20
150498,Aditya Birla Sun Life Nifty 200 Momentum 30 ETF,ETF / FoF,High,31.6799,2025-12-19,2025-12-20
150497,Aditya Birla Sun Life Nifty 200 Quality 30 ETF,ETF / FoF,High,22.1327,2025-12-19,2025-12-20
115512,Aditya Birla Sun Life Nifty 50 ETF,ETF / FoF,High,30.1981,2025-12-19,2025-12-20
147735,Aditya Birla Sun Life Nifty Bank ETF,ETF / FoF,High,60.3468,2025-12-19,2025-12-20
149262,Aditya Birla Sun Life Nifty Healthcare ETF,ETF / FoF,High,15.0893,2025-12-19,2025-12-20
149293,Aditya Birla Sun Life Nifty IT ETF,ETF / FoF,High,41.6294,2025-12-19,2025-12-20
145881,Aditya Birla Sunlife Nifty Next 50 ETF,ETF / FoF,High,71.5374,2025-12-19,2025-12-20
152620,Aditya Birla Sun Life Nifty PSE ETF,ETF / FoF,High,9.8215,2025-12-19,2025-12-20
149779,Aditya Birla Sun Life Silver ETF,Commodity - Silver,High,198.8795,2025-12-19,2025-12-20
153451,ANGEL ONE NIFTY 1D RATE LIQUID ETF - GROWTH,ETF / FoF,High,1039.3858,2025-12-21,2025-12-20
153531,ANGEL ONE NIFTY 50 ETF,ETF / FoF,High,10.6389,2025-12-19,2025-12-20
153332,ANGEL ONE NIFTY TOTAL MARKET ETF,ETF / FoF,High,11.9595,2025-12-19,2025-12-20
153957,ANGEL ONE NIFTY TOTAL MARKET MOMENTUM QUALITY 50 ETF,ETF / FoF,High,9.6967,2025-12-19,2025-12-20
151585,Axis BSE Sensex ETF,ETF / FoF,High,87.4676,2025-12-19,2025-12-20
141545,Axis Nifty 50 ETF,ETF / FoF,High,285.1147,2025-12-19,2025-12-20
148926,Axis Nifty AAA Bond Plus SDL Apr 2026 50:50 ETF,ETF / FoF,High,13.123,2025-12-19,2025-12-20
148559,Axis NIFTY Bank ETF,ETF / FoF,High,607.3291,2025-12-19,2025-12-20
148934,Axis NIFTY Healthcare ETF,ETF / FoF,High,149.4423,2025-12-19,2025-12-20
149156,Axis NIFTY India Consumption ETF,ETF / FoF,High,125.1385,2025-12-19,2025-12-20
148799,Axis IT ETF,ETF / FoF,High,421.4072,2025-12-19,2025-12-20
153414,Axis Nifty500 Value 50 ETF,ETF / FoF,High,30.5569,2025-12-19,2025-12-20
150610,Axis Silver ETF,Commodity - Silver,High,198.1723,2025-12-19,2025-12-20
152638,Bajaj Finserv Nifty 1D Rate Liquid ETF,ETF / FoF,High,1061.649,2025-12-21,2025-12-20
152356,Bajaj Finserv Nifty 50 ETF,ETF / FoF,High,265.1755,2025-12-19,2025-12-20
152357,Bajaj Finserv Nifty Bank ETF,ETF / FoF,High,59.8307,2025-12-19,2025-12-20
139840,BANDHAN BSE Sensex ETF,ETF / FoF,High,918.8845,2025-12-19,2025-12-20
139839,BANDHAN Nifty 50 ETF,ETF / FoF,High,284.7436,2025-12-19,2025-12-20
153929,Bandhan Silver ETF,Commodity - Silver,High,199.5456,2025-12-19,2025-12-20
152683,Baroda BNP Paribas Nifty Bank ETF,ETF / FoF,High,59.3666,2025-12-19,2025-12-20
152555,DSP BSE Liquid Rate ETF,ETF / FoF,High,1105.1209,2025-12-19,2025-12-20
151886,DSP BSE Sensex ETF,ETF / FoF,High,86.9231,2025-12-19,2025-12-20
153228,DSP BSE SENSEX Next 30 ETF,ETF / FoF,High,40.0609,2025-12-19,2025-12-20
153975,DSP MSCI INDIA ETF,ETF / FoF,High,30.5018,2025-12-19,2025-12-20
142589,DSP NIFTY 1D Rate Liquid ETF,ETF / FoF,High,1000.0,2025-12-19,2025-12-20
149286,DSP Nifty 50 Equal Weight ETF,ETF / FoF,High,341.7232,2025-12-19,2025-12-20
149392,DSP Nifty 50 ETF,ETF / FoF,High,271.3825,2025-12-19,2025-12-20
151262,DSP Nifty Bank ETF,ETF / FoF,High,60.2661,2025-12-19,2025-12-20
152306,DSP Nifty Healthcare ETF,ETF / FoF,High,148.0951,2025-12-19,2025-12-20
151820,DSP Nifty IT ETF,ETF / FoF,High,40.5021,2025-12-19,2025-12-20
154025,DSP Nifty Midcap 150 ETF,ETF / FoF,High,22.1406,2025-12-19,2025-12-20
149403,DSP Nifty Midcap 150 Quality 50 ETF,ETF / FoF,High,246.2879,2025-12-19,2025-12-20
151887,DSP Nifty Private Bank ETF,ETF / FoF,High,28.758,2025-12-19,2025-12-20
151888,DSP Nifty PSU Bank ETF,ETF / FoF,High,83.9953,2025-12-19,2025-12-20
154024,DSP Nifty Smallcap 250 ETF,ETF / FoF,High,16.397,2025-12-19,2025-12-20
152812,DSP Nifty Top 10 Equal Weight ETF,ETF / FoF,High,101.5764,2025-12-19,2025-12-20
153874,DSP Nifty500 Flexicap Quality 30 ETF,ETF / FoF,High,10.7547,2025-12-19,2025-12-20
150523,DSP Silver ETF,Commodity - Silver,High,192.1857,2025-12-19,2025-12-20
147849,Bharat Bond ETF - April 2030,ETF / FoF,High,1557.9594,2025-12-19,2025-12-20
149398,BHARAT Bond ETF - April 2032,ETF / FoF,High,1306.8353,2025-12-19,2025-12-20
150987,BHARAT Bond ETF - April 2033,ETF / FoF,High,1269.7292,2025-12-19,2025-12-20
148444,BHARAT Bond ETF April 2025,ETF / FoF,High,1292.6108,2025-04-15,2025-12-20
148445,BHARAT Bond ETF- April 2031,ETF / FoF,High,1393.3782,2025-12-19,2025-12-20
153180,Edelweiss BSE Capital Markets & Insurance  ETF - Growth,ETF / FoF,High,23.9932,2025-12-19,2025-12-20
153947,Edelweiss BSE Sensex ETF - Growth,ETF / FoF,High,84.8631,2025-12-19,2025-12-20
153920,Edelweiss Nifty 1D Rate Liquid ETF - Growth,ETF / FoF,High,1010.8614,2025-12-19,2025-12-20
153966,Edelweiss Nifty 50 ETF - Growth,ETF / FoF,High,25.9451,2025-12-19,2025-12-20
152857,Edelweiss Nifty Bank ETF - Growth,ETF / FoF,High,59.4186,2025-12-19,2025-12-20
153841,Edelweiss Nifty LargeMidcap 250 ETF - Growth,ETF / FoF,High,16.6946,2025-12-19,2025-12-20
152981,Edelweiss Nifty500 Multicap Momentum Quality 50 ETF - Growth,ETF / FoF,High,41.7275,2025-12-19,2025-12-20
152212,Edelweiss Silver ETF,Commodity - Silver,High,199.1997,2025-12-19,2025-12-20
153744,Groww BSE Power ETF,ETF / FoF,High,9.6888,2025-12-19,2025-12-20
152891,Groww Nifty 1D Rate Liquid ETF,ETF / FoF,High,107.119,2025-12-21,2025-12-20
153329,Groww Nifty 200 ETF,ETF / FoF,High,11.6719,2025-12-19,2025-12-20
153699,Groww Nifty 50 ETF,ETF / FoF,High,10.4166,2025-12-19,2025-12-20
153583,Groww Nifty 500 Low Volatility 50 ETF,ETF / FoF,High,10.7436,2025-12-19,2025-12-20
153452,Groww Nifty 500 Momentum 50 ETF,ETF / FoF,High,10.6606,2025-12-19,2025-12-20
153907,Groww Nifty Capital Markets ETF,ETF / FoF,High,9.7691,2025-12-19,2025-12-20
152764,GROWW NIFTY EV & NEW AGE AUTOMOTIVE ETF,ETF / FoF,High,31.3023,2025-12-19,2025-12-20
152845,Groww Nifty India Defence ETF,ETF / FoF,High,75.0868,2025-12-19,2025-12-20
153625,Groww Nifty India Internet ETF,ETF / FoF,High,10.5288,2025-12-19,2025-12-20
153229,Groww Nifty India Railways PSU ETF,ETF / FoF,High,33.091,2025-12-19,2025-12-20
153940,Groww Nifty Midcap 150 ETF,ETF / FoF,High,221.5054,2025-12-19,2025-12-20
153785,Groww Nifty Next 50 ETF,ETF / FoF,High,68.3609,2025-12-19,2025-12-20
153899,Groww Nifty Realty ETF,ETF / FoF,High,9.9092,2025-12-19,2025-12-20
153923,Groww Nifty Smallcap250 ETF,ETF / FoF,High,9.4557,2025-12-19,2025-12-20
153524,Groww Silver ETF,Commodity - Silver,High,195.7167,2025-12-19,2025-12-20
151376,HDFC BSE 500 ETF - Growth Option,ETF / FoF,High,37.9776,2025-12-19,2025-12-20
135854,HDFC BSE Sensex ETF - Growth Plan,ETF / FoF,High,95.635,2025-12-19,2025-12-20
150476,HDFC NIFTY 100 ETF - Growth Option,ETF / FoF,High,27.2338,2025-12-19,2025-12-20
153403,HDFC NIFTY 1D RATE LIQUID ETF GROWTH,ETF / FoF,High,1040.7377,2025-12-19,2025-12-20
135853,HDFC NIFTY 50 ETF - Growth Plan,ETF / FoF,High,290.3294,2025-12-19,2025-12-20
148461,HDFC NIFTY Bank ETF - GROWTH,ETF / FoF,High,60.6061,2025-12-19,2025-12-20
150621,HDFC NIFTY GROWTH SECTORS 15 ETF - Growth Option,ETF / FoF,High,129.4427,2025-12-19,2025-12-20
150801,HDFC NIFTY IT ETF - Growth option,ETF / FoF,High,40.8404,2025-12-19,2025-12-20
151374,HDFC NIFTY Midcap 150 ETF - Growth Option,ETF / FoF,High,22.3632,2025-12-19,2025-12-20
150477,HDFC NIFTY NEXT 50 ETF - Growth Option,ETF / FoF,High,69.5296,2025-12-19,2025-12-20
150802,HDFC NIFTY Private Bank ETF - Growth Option,ETF / FoF,High,28.8616,2025-12-19,2025-12-20
152350,HDFC NIFTY PSU BANK ETF,ETF / FoF,High,84.195,2025-12-19,2025-12-20
151375,HDFC NIFTY Smallcap 250 ETF - Growth Option,ETF / FoF,High,165.1507,2025-12-19,2025-12-20
150658,HDFC NIFTY100 Low Volatility 30 ETF - Growth Option,ETF / FoF,High,21.4671,2025-12-19,2025-12-20
150620,HDFC NIFTY100 QUALITY 30 ETF - Growth Option,ETF / FoF,High,60.1066,2025-12-19,2025-12-20
150657,HDFC NIFTY200 MOMENTUM 30 ETF - Growth Option,ETF / FoF,High,31.5444,2025-12-19,2025-12-20
150619,HDFC NIFTY 50 VALUE 20 ETF - Growth Option,ETF / FoF,High,139.1468,2025-12-19,2025-12-20
150556,HDFC Silver ETF - Growth Option,Commodity - Silver,High,191.2094,2025-12-19,2025-12-20
141957,BHARAT 22 ETF,ETF / FoF,High,115.5819,2025-12-19,2025-12-20
143247,ICICI Prudential BSE 500 ETF,ETF / FoF,High,39.98,2025-12-19,2025-12-20
153378,ICICI Prudential BSE Liquid Rate ETF - Growth,ETF / FoF,High,1041.6855,2025-12-19,2025-12-20
144947,ICICI Prudential BSE Liquid Rate ETF - IDCW,ETF / FoF,High,1000.0,2025-12-19,2025-12-20
139519,ICICI Prudential BSE Midcap Select ETF,ETF / FoF,High,18.5754,2025-12-19,2025-12-20
101705,ICICI Prudential BSE Sensex ETF,ETF / FoF,High,969.1767,2025-12-19,2025-12-20
151196,ICICI Prudential Nifty 10 yr Benchmark G-sec ETF,ETF / FoF,High,258.3218,2025-12-19,2025-12-20
123004,ICICI Prudential Nifty 100 ETF,ETF / FoF,High,29.4321,2025-12-19,2025-12-20
141596,ICICI Prudential Nifty 100 Low Volatility 30 ETF,ETF / FoF,High,23.0739,2025-12-19,2025-12-20
150455,ICICI Prudential Nifty 200 Momentum 30 ETF,ETF / FoF,High,31.8541,2025-12-19,2025-12-20
151907,ICICI Prudential Nifty 200 Quality 30 ETF,ETF / FoF,High,21.9201,2025-12-19,2025-12-20
149928,ICICI Prudential Nifty 5 yr Benchmark G-SEC ETF,ETF / FoF,High,63.5965,2025-12-19,2025-12-20
121366,ICICI Prudential Nifty 50 ETF,ETF / FoF,High,291.9468,2025-12-19,2025-12-20
148456,ICICI Prudential Nifty Alpha Low- Volatility 30 ETF,ETF / FoF,High,27.8869,2025-12-19,2025-12-20
149463,ICICI Prudential Nifty Auto ETF,ETF / FoF,High,28.4266,2025-12-19,2025-12-20
147483,ICICI Prudential Nifty Bank ETF,ETF / FoF,High,60.451,2025-12-19,2025-12-20
151207,ICICI Prudential Nifty Commodities ETF,ETF / FoF,High,93.6065,2025-12-19,2025-12-20
153397,ICICI Prudential Nifty EV & New Age Automotive ETF,ETF / FoF,High,31.366,2025-12-19,2025-12-20
150879,ICICI Prudential Nifty Financial Services Ex-BaNk ETF,ETF / FoF,High,32.2804,2025-12-19,2025-12-20
149072,ICICI Prudential Nifty FMCG ETF,ETF / FoF,High,58.5454,2025-12-19,2025-12-20
148957,ICICI Prudential Nifty Healthcare ETF,ETF / FoF,High,150.4656,2025-12-19,2025-12-20
149285,ICICI Prudential Nifty India Consumption ETF,ETF / FoF,High,125.8323,2025-12-19,2025-12-20
150526,ICICI Prudential Nifty Infrastructure ETF,ETF / FoF,High,98.137,2025-12-19,2025-12-20
148466,ICICI Prudential Nifty IT ETF,ETF / FoF,High,42.4637,2025-12-19,2025-12-20
152769,ICICI Prudential Nifty Metal ETF,ETF / FoF,High,10.5588,2025-12-19,2025-12-20
147921,ICICI Prudential Nifty Midcap 150 ETF,ETF / FoF,High,22.8273,2025-12-19,2025-12-20
144587,ICICI Prudential Nifty Next 50 ETF,ETF / FoF,High,71.7788,2025-12-19,2025-12-20
152748,ICICI Prudential Nifty Oil & Gas ETF,ETF / FoF,High,12.1148,2025-12-19,2025-12-20
147530,ICICI Prudential Nifty Private Bank ETF,ETF / FoF,High,28.6111,2025-12-19,2025-12-20
151572,ICICI Prudential Nifty PSU Bank ETF,ETF / FoF,High,84.4449,2025-12-19,2025-12-20
153617,ICICI Prudential Nifty Top 15 Equal Weight ETF,ETF / FoF,High,11.0473,2025-12-19,2025-12-20
152932,ICICI Prudential Nifty200 Value 30 ETF,ETF / FoF,High,14.3982,2025-12-19,2025-12-20
139455,ICICI Prudential Nifty50 Value 20 ETF,ETF / FoF,High,15.0753,2025-12-19,2025-12-20
149464,ICICI PRUDENTIAL SILVER ETF,Commodity - Silver,High,198.9392,2025-12-19,2025-12-20
109010,Kotak BSE Sensex ETF,ETF / FoF,High,92.5704,2025-12-19,2025-12-20
153314,Kotak MSCI India ETF,ETF / FoF,High,30.787,2025-12-19,2025-12-20
153315,Kotak Nifty 100 Equal Weight ETF,ETF / FoF,High,33.695,2025-12-19,2025-12-20
150000,Kotak Nifty 100 Low Volatility 30 ETF,ETF / FoF,High,21.9286,2025-12-19,2025-12-20
151358,Kotak Nifty 1D Rate Liquid ETF,ETF / FoF,High,1082.9676,2025-12-19,2025-12-20
153904,Kotak Nifty 200 Momentum 30 ETF,ETF / FoF,High,31.282,2025-12-19,2025-12-20
112351,Kotak Nifty 50 ETF,ETF / FoF,High,285.804,2025-12-19,2025-12-20
135744,Kotak Nifty 50 Value 20 ETF - Payout of Income Distribution cum capital withdrawal option,ETF / FoF,High,154.4495,2025-12-19,2025-12-20
149397,Kotak Nifty Alpha 50 ETF,ETF / FoF,High,48.4138,2025-12-19,2025-12-20
133122,Kotak Nifty Bank ETF,ETF / FoF,High,610.997,2025-12-19,2025-12-20
153934,Kotak Nifty Chemicals ETF,ETF / FoF,High,28.587,2025-12-19,2025-12-20
150492,Kotak Nifty India Consumption ETF,ETF / FoF,High,124.7961,2025-12-19,2025-12-20
148763,Kotak Nifty IT ETF,ETF / FoF,High,42.3639,2025-12-19,2025-12-20
153398,Kotak Nifty Midcap 150 ETF,ETF / FoF,High,22.429,2025-12-19,2025-12-20
149757,Kotak Nifty Midcap 50 ETF,ETF / FoF,High,175.8942,2025-12-19,2025-12-20
150531,Kotak Nifty MNC ETF,ETF / FoF,High,30.8849,2025-12-19,2025-12-20
106929,Kotak Nifty PSU Bank ETF,ETF / FoF,High,834.0281,2025-12-19,2025-12-20
153657,Kotak Nifty200 Quality 30 ETF,ETF / FoF,High,21.456,2025-12-19,2025-12-20
150948,Kotak Silver ETF,Commodity - Silver,High,193.3698,2025-12-19,2025-12-20
135672,LIC MF BSE Sensex ETF,ETF / FoF,High,952.4709,2025-12-19,2025-12-20
136473,LIC MF Nifty 100 ETF,ETF / FoF,High,288.5667,2025-12-19,2025-12-20
135607,LIC MF Nifty 50 ETF,ETF / FoF,High,289.1321,2025-12-19,2025-12-20
133307,LIC MF Nifty 8-13 yr G-Sec ETF,ETF / FoF,High,28.6391,2025-12-19,2025-12-20
152404,LIC MF Nifty Midcap 100 ETF,ETF / FoF,High,60.5483,2025-12-19,2025-12-20
153379,Mirae Asset BSE 200 Equal Weight ETF,ETF / FoF,High,13.3323,2025-12-19,2025-12-20
154061,Mirae Asset BSE 500 Dividend Leaders 50 ETF,ETF / FoF,High,35.52,2025-12-19,2025-12-20
153384,Mirae Asset BSE Select IPO ETF,ETF / FoF,High,46.4805,2025-12-19,2025-12-20
152097,Mirae Asset BSE Sensex ETF,ETF / FoF,High,86.9961,2025-12-19,2025-12-20
149379,Mirae Asset Hang Seng TECH ETF,ETF / FoF,High,21.0669,2025-12-19,2025-12-20
148572,Mirae Asset Nifty 100 ESG Sector Leaders ETF,ETF / FoF,High,44.1511,2025-12-19,2025-12-20
151604,Mirae Asset Nifty 100 Low Volatility 30 ETF,ETF / FoF,High,214.9652,2025-12-19,2025-12-20
153045,Mirae Asset Nifty 1D Rate Liquid ETF - Growth,ETF / FoF,High,1064.6447,2025-12-20,2025-12-20
151908,Mirae Asset Nifty 1D Rate Liquid ETF-IDCW,ETF / FoF,High,1000.0,2025-12-20,2025-12-20
152134,Mirae Asset Nifty 200 Alpha 30 ETF,ETF / FoF,High,25.1099,2025-12-19,2025-12-20
145633,Mirae Asset Nifty 50 ETF,ETF / FoF,High,280.2134,2025-12-19,2025-12-20
151695,Mirae Asset Nifty 8-13 yr Gsec ETF,ETF / FoF,High,29.4904,2025-12-19,2025-12-20
151857,Mirae Asset Nifty Bank ETF,ETF / FoF,High,599.5581,2025-12-19,2025-12-20
153945,Mirae Asset Nifty Energy ETF,ETF / FoF,High,34.7973,2025-12-19,2025-12-20
152715,Mirae Asset Nifty EV and New Age Automotive ETF,ETF / FoF,High,31.4055,2025-12-19,2025-12-20
149105,Mirae Asset Nifty Financial Services ETF,ETF / FoF,High,28.2936,2025-12-19,2025-12-20
153642,Mirae Asset Nifty India Internet ETF,ETF / FoF,High,14.2046,2025-12-19,2025-12-20
149786,Mirae Asset Nifty India Manufacturing ETF,ETF / FoF,High,154.116,2025-12-19,2025-12-20
153191,Mirae Asset Nifty India New Age Consumption ETF,ETF / FoF,High,11.855,2025-12-19,2025-12-20
152155,Mirae Asset Nifty IT ETF,ETF / FoF,High,40.4913,2025-12-19,2025-12-20
152924,Mirae Asset Nifty Metal ETF,ETF / FoF,High,10.5664,2025-12-19,2025-12-20
149918,Mirae Asset Nifty Midcap 150 ETF,ETF / FoF,High,22.5476,2025-12-19,2025-12-20
152634,Mirae Asset Nifty MidSmallcap400 Momentum Quality 100 ETF,ETF / FoF,High,48.0102,2025-12-19,2025-12-20
147906,Mirae Asset Nifty Next 50 ETF,ETF / FoF,High,701.4295,2025-12-19,2025-12-20
152929,Mirae Asset Nifty PSU Bank ETF,ETF / FoF,High,83.8635,2025-12-19,2025-12-20
153946,Mirae Asset Nifty Smallcap 250 ETF,ETF / FoF,High,16.4031,2025-12-19,2025-12-20
152455,Mirae Asset Nifty Smallcap 250 Momentum Quality 100 ETF,ETF / FoF,High,43.7697,2025-12-19,2025-12-20
154060,Mirae Asset Nifty Top 20 Equal Weight ETF,ETF / FoF,High,9.6484,2025-12-19,2025-12-20
153519,Mirae Asset Nifty 50 Equal Weight ETF,ETF / FoF,High,331.5576,2025-12-19,2025-12-20
152811,Mirae Asset Nifty500 Multicap 50:25:25 ETF,ETF / FoF,High,16.437,2025-12-19,2025-12-20
148927,Mirae Asset NYSE FANG + ETF,ETF / FoF,High,140.8156,2025-12-19,2025-12-20
149169,Mirae Asset S&P 500 Top 50 ETF,ETF / FoF,High,59.7337,2025-12-19,2025-12-20
151779,Mirae Asset Silver ETF,Commodity - Silver,High,194.1735,2025-12-19,2025-12-20
150517,Motilal Oswal BSE Enhanced Value ETF,ETF / FoF,High,112.9855,2025-12-19,2025-12-20
150445,Motilal Oswal BSE Healthcare ETF,ETF / FoF,High,44.461,2025-12-19,2025-12-20
153564,Motilal Oswal BSE India Infrastructure ETF,ETF / FoF,High,58.3525,2025-12-19,2025-12-20
149921,Motilal Oswal BSE Low Volatility ETF,ETF / FoF,High,38.7443,2025-12-19,2025-12-20
150520,Motilal Oswal BSE Quality ETF,ETF / FoF,High,197.918,2025-12-19,2025-12-20
154003,Motilal Oswal BSE Select IPO ETF,ETF / FoF,High,46.5625,2025-12-19,2025-12-20
114984,Motilal Oswal Nasdaq 100 ETF (MOFN100),ETF / FoF,High,221.7871,2025-12-19,2025-12-20
149438,Motilal Oswal Nasdaq Q50 ETF,ETF / FoF,High,88.0499,2025-12-19,2025-12-20
153928,Motilal Oswal Nifty 100 ETF,ETF / FoF,High,26.5461,2025-12-19,2025-12-20
149801,Motilal Oswal Nifty 200 Momentum 30 ETF,ETF / FoF,High,63.4771,2025-12-19,2025-12-20
148620,Motilal Oswal Nifty 5 year Benchmark G-sec ETF,ETF / FoF,High,62.7171,2025-12-19,2025-12-20
153532,MOTILAL OSWAL NIFTY 50 EQUAL WEIGHT ETF,ETF / FoF,High,33.1799,2025-12-19,2025-12-20
113069,Motilal Oswal Nifty 50 ETF,ETF / FoF,High,269.7317,2025-12-19,2025-12-20
152106,Motilal Oswal Nifty 500 ETF,ETF / FoF,High,24.0866,2025-12-19,2025-12-20
152874,Motilal Oswal Nifty 500 Momentum 50 ETF,ETF / FoF,High,52.7738,2025-12-19,2025-12-20
153724,Motilal Oswal Nifty Alpha 50 ETF,ETF / FoF,High,50.4013,2025-12-19,2025-12-20
153406,Motilal Oswal Nifty Capital Market ETF,ETF / FoF,High,46.5342,2025-12-19,2025-12-20
153931,Motilal Oswal Nifty Energy ETF,ETF / FoF,High,34.824,2025-12-19,2025-12-20
152846,Motilal Oswal Nifty India Defence ETF,ETF / FoF,High,82.5109,2025-12-19,2025-12-20
153572,Motilal Oswal Nifty India Manufacturing ETF,ETF / FoF,High,151.2903,2025-12-19,2025-12-20
153618,Motilal Oswal Nifty India Tourism ETF,ETF / FoF,High,84.7262,2025-12-19,2025-12-20
114456,Motilal Oswal Nifty Midcap 100 ETF,ETF / FoF,High,64.8597,2025-12-19,2025-12-20
153694,Motilal Oswal Nifty Midcap150 Momentum 50 ETF,ETF / FoF,High,63.1177,2025-12-19,2025-12-20
154062,Motilal Oswal Nifty MNC ETF,ETF / FoF,High,30.0072,2025-12-19,2025-12-20
153535,MOTILAL OSWAL NIFTY NEXT 50 ETF,ETF / FoF,High,67.9368,2025-12-19,2025-12-20
153608,Motilal Oswal Nifty PSE ETF,ETF / FoF,High,96.3256,2025-12-19,2025-12-20
152541,Motilal Oswal Nifty Realty ETF,ETF / FoF,High,88.4754,2025-12-19,2025-12-20
154033,Motilal Oswal Nifty Services Sector ETF,ETF / FoF,High,33.6506,2025-12-19,2025-12-20
152546,Motilal Oswal Nifty Smallcap 250 ETF,ETF / FoF,High,16.4704,2025-12-19,2025-12-20
153820,Motilal Oswal Silver ETF,Commodity - Silver,High,197.2294,2025-12-19,2025-12-20
140107,CPSE ETF,ETF / FoF,High,89.3467,2025-12-19,2025-12-20
153569,Nippon India BSE Sensex Next 30 ETF,ETF / FoF,High,39.9693,2025-12-19,2025-12-20
131331,Nippon India ETF BSE Sensex,ETF / FoF,High,969.1856,2025-12-19,2025-12-20
147579,Nippon India ETF BSE Sensex Next 50,ETF / FoF,High,90.9784,2025-12-19,2025-12-20
140095,Nippon India ETF Hang Seng BeES,ETF / FoF,High,433.072,2025-12-19,2025-12-20
121146,Nippon India ETF Nifty 100,ETF / FoF,High,279.767,2025-12-19,2025-12-20
140086,Nippon India ETF Nifty 1D Rate Liquid BeES - DAILY IDCW Option,ETF / FoF,High,1000.0,2025-12-21,2025-12-20
148800,Nippon India ETF Nifty 5 yr Benchmark G-Sec,ETF / FoF,High,63.4142,2025-12-19,2025-12-20
140084,Nippon India ETF Nifty 50 BeES,ETF / FoF,High,293.4495,2025-12-19,2025-12-20
140094,Nippon India ETF Nifty 50 Shariah BeES,ETF / FoF,High,515.4146,2025-12-19,2025-12-20
134782,Nippon India ETF Nifty 50 Value 20,ETF / FoF,High,154.7394,2025-12-19,2025-12-20
139496,Nippon India ETF Nifty 8-13 yr G-Sec Long Term Gilt,ETF / FoF,High,29.1014,2025-12-19,2025-12-20
140087,Nippon India ETF Nifty Bank BeES,ETF / FoF,High,609.7068,2025-12-19,2025-12-20
148585,Nippon India ETF Nifty CPSE Bond Plus SDL Sep2024 50:50,ETF / FoF,High,124.4652,2024-09-30,2025-12-20
128639,Nippon India ETF Nifty Dividend Opportunities 50,ETF / FoF,High,82.4851,2025-12-19,2025-12-20
128331,Nippon India ETF Nifty India Consumption,ETF / FoF,High,135.3485,2025-12-19,2025-12-20
140102,Nippon India ETF Nifty Infrastructure BeES,ETF / FoF,High,985.8771,2025-12-19,2025-12-20
148408,Nippon India ETF Nifty IT,ETF / FoF,High,42.4942,2025-12-19,2025-12-20
146271,Nippon India ETF Nifty Midcap 150,ETF / FoF,High,228.2013,2025-12-19,2025-12-20
140085,Nippon India ETF Nifty Next 50 Junior BeES,ETF / FoF,High,734.8282,2025-12-19,2025-12-20
140089,Nippon India ETF Nifty PSU Bank BeES,ETF / FoF,High,93.0459,2025-12-19,2025-12-20
148798,Nippon India ETF Nifty SDL Apr 2026 Top 20 Equal Weight,ETF / FoF,High,135.2255,2025-12-19,2025-12-20
153725,Nippon India Nifty 1D Rate Liquid ETF-Growth,ETF / FoF,High,1020.7861,2025-12-21,2025-12-20
149465,Nippon India Nifty Auto ETF,ETF / FoF,High,283.8658,2025-12-19,2025-12-20
153810,Nippon India Nifty India Manufacturing ETF,ETF / FoF,High,151.9001,2025-12-19,2025-12-20
149008,Nippon India Nifty Pharma ETF,ETF / FoF,High,23.3037,2025-12-19,2025-12-20
149758,Nippon India Silver ETF,Commodity - Silver,High,190.8216,2025-12-19,2025-12-20
108479,Quantum Nifty 50 ETF,ETF / FoF,High,2836.5821,2025-12-19,2025-12-20
134014,SBI BSE 100 ETF,ETF / FoF,High,299.7172,2025-12-19,2025-12-20
153435,SBI BSE PSU BANK ETF,ETF / FoF,High,48.5243,2025-12-19,2025-12-20
121109,SBI BSE SENSEX ETF,ETF / FoF,High,939.6023,2025-12-19,2025-12-20
144916,SBI BSE Sensex Next 50 ETF,ETF / FoF,High,931.4777,2025-12-19,2025-12-20
139430,SBI Nifty 10 yr Benchmark G-Sec ETF,ETF / FoF,High,258.7901,2025-12-19,2025-12-20
153796,SBI Nifty 1D Rate Liquid ETF - Growth,ETF / FoF,High,1018.9947,2025-12-19,2025-12-20
152168,SBI NIFTY 1D Rate Liquid ETF - IDCW,ETF / FoF,High,1000.0,2025-12-19,2025-12-20
145648,SBI Nifty 200 Quality 30 ETF,ETF / FoF,High,230.5428,2025-12-19,2025-12-20
135106,SBI Nifty 50 ETF,ETF / FoF,High,277.3607,2025-12-19,2025-12-20
134008,SBI Nifty Bank ETF,ETF / FoF,High,604.8544,2025-12-19,2025-12-20
149041,SBI Nifty Consumption ETF,ETF / FoF,High,125.3893,2025-12-19,2025-12-20
148542,SBI Nifty IT ETF,ETF / FoF,High,424.3166,2025-12-19,2025-12-20
134013,SBI Nifty Next 50 ETF,ETF / FoF,High,728.094,2025-12-19,2025-12-20
148541,SBI Nifty Private Bank ETF,ETF / FoF,High,289.2687,2025-12-19,2025-12-20
152749,SBI Nifty50 Equal Weight ETF,ETF / FoF,High,33.283,2025-12-19,2025-12-20
152725,SBI Silver ETF,Commodity - Silver,High,195.2941,2025-12-19,2025-12-20
152741,Shriram Nifty 1D Rate Liquid ETF - Growth,ETF / FoF,High,1084.4502,2025-12-21,2025-12-20
152285,Tata Silver Exchange Traded Fund,Commodity - Silver,High,19.6353,2025-12-19,2025-12-20
135321,UTI BSE Sensex ETF,ETF / FoF,High,933.992,2025-12-19,2025-12-20
152369,UTI Nifty 10 yr Benchmark G-Sec ETF,ETF / FoF,High,26.0515,2025-12-19,2025-12-20
152368,UTI Nifty 5 yr Benchmark G-Sec ETF,ETF / FoF,High,63.634,2025-12-19,2025-12-20
135320,UTI Nifty 50 ETF,ETF / FoF,High,285.6034,2025-12-19,2025-12-20
148173,UTI Nifty Bank ETF,ETF / FoF,High,60.8986,2025-12-19,2025-12-20
152355,UTI Nifty IT ETF,ETF / FoF,High,401.965,2025-12-19,2025-12-20
151730,UTI Silver Exchange Traded Fund,Commodity - Silver,High,194.742,2025-12-19,2025-12-20
152667,Zerodha Nifty 100 ETF,ETF / FoF,High,11.0419,2025-12-19,2025-12-20
152327,Zerodha Nifty 1D Rate Liquid ETF - Growth Option,ETF / FoF,High,111.9251,2025-12-21,2025-12-20
153905,Zerodha Nifty 50 ETF,ETF / FoF,High,10.3252,2025-12-19,2025-12-20
153811,Zerodha Nifty 8-13 Yr G-Sec ETF,ETF / FoF,High,29.6241,2025-12-19,2025-12-20
152668,Zerodha Nifty Midcap 150 ETF,ETF / FoF,High,11.051,2025-12-19,2025-12-20
153837,Zerodha Nifty Smallcap 100 ETF,ETF / FoF,High,9.8095,2025-12-19,2025-12-20
153413,Zerodha Silver ETF,Commodity - Silver,High,20.2393,2025-12-19,2025-12-20
